Author,Type,AffiliationName
Tyler J.,university,Carlow College
Bower A.F.,university,Musashi University
Zimmerman T.,company,WanderJaunt
Zimmerman T.K.,university,St. Petersburg State University of Civil Aviation
Sunaoshi T.,university,Universidad Católica Anselmo Llorente
Le S.Q.,company,OpenDNS
Roychowdhury T.,university,University of Veterinary & Animal Science
Villanueva I.,company,Capital One
Billings W.M.,university,Engineering College of Copenhagen
Ackerman W.,university,Tokiwa University
Thelin C.,company,99designs
Butler J.,university,Jamia Hamdard University
Rodrigues L.M.,university,University of Baltimore
Putney L.,university,Al-hikmah University
Allen B.C.,university,Huaihai Institute of Technology
Jaramillo C.A.,company,Recurly
Gross A.,university,Ufuk University
Wang W.,university,University of Rousse
Ventura D.,company,Highland Capital Partners
Manring L.,company,IBM
Salt S.D.,company,Forcepoint
Katz A.,university,Western State College
Dryer Z.,company,Outreach
Avila A.,company,Y Combinator SF
Manandhar K.,company,Intuit
Fry A.,university,Katholisch-Theologische Privatuniversität Linz
Bodaghi M.,university,"Universidad de Puerto Rico, Rio Pedras"
Page L.,university,University of Baltimore
Van Steenberge G.,company,AgilOne
Haut T.,company,Auth0
Bull D.J.,company,npm Inc
Richards P.W.,university,National Hsin-Chu Teachers College
Orgel C.,university,Harare Institute of Technology
Shu W.,company,Slalom Consulting
Annoni J.,company,Intelliswift
Allen J.D.,university,Firat (Euphrates) University
McLain T.,university,Gifu University
El Asmar M.,university,University Centre of the Westfjords
Wingate B.A.,university,Shandong Medical University
Merritt A.,company,Goodby Silverstein & Partners
Kinnison W.,company,99designs
Frazer D.,company,TalentSeer
Laspalas M.,university,Universitat de Vic
Nittala S.,university,West Pomeranian Business School in Szczecin
Boettcher E.,university,Charles University Prague
Kruman B.A.,company,Sparkcentral
Farnsworth C.B.,company,Adobe
Oman K.G.,company,WorkBoard
Godfrey P.C.,company,Rigetti Computing
Perrenoud A.,company,Outlier AI
Nowell M.W.,company,Gigya
Fonseca F.S.,company,MyFitnessPal
Biwer C.M.,company,GitLab
Solovjov V.,university,"DeVry Institute of Technology, Pomona"
Hackney D.A.,company,reputation.com
Guo Z.,company,Equinix
Prinz G.S.,company,Verkada
Harrison R.G.,university,Eastern Conservatory of Music
Song Y.,university,Universitas Negeri Surabaya
Jensen B.,company,Layer
Smiley A.J.,university,Wichita State University
Macpherson J.,company,Slalom Consulting
Simons T.,university,Université du Sahel
Bischoff M.,company,UserTesting
Watt G.D.,company,BrightTALK
Anagnostou E.,company,Robert Half
Kramer E.A.,university,Universidad Hispanoamericana
Warr C.,university,University of Goroka
Pietrosimone B.,university,Fachhochschule Dortmund
Ruparel K.,university,Mount Senario College
Jenkins D.,company,Slalom Consulting
Chau V.,company,ClearBrain
Lansinger V.B.,company,Flipboard
Salva K.T.,university,Southeastern University
Michael Bove V.,company,AspireIQ
Samuelson C.R.,company,Gemini
Jackson J.,university,Universidad Autónoma de Veracruz Villa Rica
Weller T.M.,university,University of Kansas
Lin H.-H.,company,Codexis
Sawyer K.B.,company,Ridecell
Martin R.A.,company,Avast
Rosen J.,university,Westminster College of Salt Lake City
Cuesta I.,university,Université Senghor d'Alexandrie
Wang K.-A.,company,Canopy Health
Tas F.M.,company,Kentik
Griffitts J.,company,BlueCrew
Armknecht J.,university,Kosin University
Roy J.,university,University of Dodoma
Nixon C.A.,company,McKesson
Nygaard E.,company,BabyCenter
Hu H.H.,company,AMD
Rice W.,company,Tally
Chan E.K.L.,university,Linguistic University of Nizhny Novgorod
Ekstrom L.T.,university,Kasetsart University
Josephson C.,university,Tiraspol State University
Viswanathan H.,company,99designs
Huang X.,company,Recurly
Hendricks L.J.,university,Fachhochschule Osnabrück
Wu J.-T.,university,Ivanovo State Power University
Sederberg T.W.,company,MyFitnessPal
Fourment L.,university,SASTRA Deemed University
Jensen D.W.,university,Institut Catholique de Paris
Copeland C.G.,university,Lutheran School Of Theology In Aarhus
Sanchez D.G.,university,Norwegian University of Science and Technology
Barrios J.A.,university,China Medical College
Price C.,university,Sultan Azlan Shah Polytechnic 
Sorensen C.,company,MitchelLake Group
Stanković A.M.,company,Sibly
Bidstrup C.C.,university,Dagestan State University
Ochsner S.,university,Astrahan State Technical University
Bigler E.D.,company,Zerodown
Tolman K.A.,company,Avast
Watt R.K.,company,AMD
Webb B.,university,Université Senghor d'Alexandrie
Lignell D.O.,company,Seismic
Anderson J.D.,company,Hewlett Packard
Veletsianos G.,university,Dagestan State University
Ghorpade S.R.,university,Shanghai University of Finance and Economics
Anderson M.,company,WorkBoard
Billings B.,company,TrustArc
Rahmati M.,company,TriplePoint Capital
Larsen A.,university,Kyoto Prefectural University of Medicine
Olsen J.,company,RGA Associates
Baskota A.,university,Soka University
Du K.,company,Wheelwell
Wilson M.E.,university,University of the Faroe Islands
Goodson M.,company,TechSoup
Hua Z.,university,Jawaharlal Nehru Technological University
Hanks K.N.,university,Sultan Azlan Shah Polytechnic 
Lawrence E.,university,Al-hikmah University
Curtis C.P.,company,Robert Half
Deléglise-Lagardère M.,company,WorkBoard
Jagadeesh C.,university,St. Petersburg State University of Technology and Design
Zhao R.,university,Ufuk University
Kaleo Roberts A.,company,Stitch Labs
Perez L.D.,company,Alation
Eapen B.,university,Western States Chiropractic College
Staves D.R.,company,OpenDNS
Tilahun L.E.,university,University of Rousse
Brock Kirwan C.,university,Sultan Azlan Shah Polytechnic 
Murroni M.,company,Tempo Automation
Ganjalizadeh V.,university,South Texas College of Law
Glew R.,company,Practice Fusion
Stark C.G.,company,Capital One
Kayen R.,university,Fachhochschule Erfurt
Hansen N.,company,McKesson
Ranasinghe D.R.,company,Qwilt
Janke D.,university,Okayama University of Science
Wolfe D.,university,"Islamic Azad University, Janah"
Francucci G.,university,"University for Information Science and Technology  ""St. Paul The Apostle"" "
Hammon S.,company,Scalable Press
Pederson J.,company,Uber
Allred D.D.,university,Kwara State Polytecnic
Cox J.J.,university,West Pomeranian Business School in Szczecin
Ayoubi P.,university,Al Muthanna University
Vilela J.P.,company,Outreach
Hargis B.H.,university,Fachhochschule Dortmund
Bowen L.,university,Muskingum College
Lignell D.,university,Nara Medical University
Anderson C.R.,company,SV Angel
Rochas L.,company,Alation
Guthrie W.S.,university,"DeVry Institute of Technology, Pomona"
Guthrie S.,company,Logikcull
Hunt J.,company,BlueCrew
Holler B.J.,university,Stockholm School of Economics
Seeley M.,company,Naytev
Yekan T.,university,Norwegian University of Science and Technology
Bhamra T.,company,Quantcast
Rogers P.,company,Five9
Machado S.,university,Tianjin University of Technology
Bair J.,company,ClearBrain
Adams J.A.,company,Everlaw
Kokusho T.,company,UserTesting
Nelson T.W.,company,Fabric Genomics
Fujimoto M.S.,university,The Superior College 
Rice M.,company,Quantcast
Leake K.D.,university,"Universidad de Puerto Rico, Rio Pedras"
Hummon M.T.,company,Outreach
Le Gall A.,university,Al Muthanna University
Cowley A.,company,Sourceress
Charles S.K.,university,Kigali Independent University
Savidis N.,university,International Institute for Population Sciences
Laughlin K.,company,NinjaRMM
Wang N.,university,Faisalabad Institute of Textile and Fashion Design
Rahman L.O.A.,university,"Universidad de Puerto Rico, Rio Pedras"
Bertels C.,company,Fabric Genomics
Porter D.,university,Firat (Euphrates) University
Lorenzo G.,university,Universidad Privada Los Andes
Black J.A.,university,West Pomeranian Business School in Szczecin
Gonzalez-Juez E.D.,university,Fachhochschule Erfurt
Riding K.A.,company,ClearBrain
Howarth J.,university,"Troy University, Dothan"
Nash C.,company,Qwilt
Dean D.L.,company,BrightTALK
Montalva G.,university,Ecole de l'Air
Hanson R.,university,St. Petersburg State University of Technology and Design
Kaufeld K.,company,Copper
Monaco P.,university,"Troy University, Dothan"
Thomas C.A.,university,Tokiwa University
Rosquist P.,university,Engineering College of Copenhagen
Holden J.,university,Universitas Negeri Surabaya
Bulloch R.,university,Vietnam Maritime University
Rajwade K.,university,Universiti Pendidikan Sultan Idris
Hamilton P.K.,company,Gumroad
Cope M.,university,"University of California, Riverside"
Cao Q.,company,Postmates
Mansoor M.M.,company,Disqus
Homer E.,company,Rigetti Computing
Hayes A.,university,Fachhochschule des Mittelstandes (FHM)
Coburn J.,company,GoodData
Baradoy D.,company,Sift Science
Carroll J.D.,university,Mount Senario College
Kerstein A.,company,ClearMetal
Hirons E.,university,SASTRA Deemed University
Davies R.,university,Al-Quds University - The Arab University in Jerusalem
Mehl M.J.,university,State Maritine Academy
Cook R.B.,company,Logikcull
Stout J.M.,university,Freie Universität Berlin
Stofan E.,company,Allbirds
Carneiro A.,university,Dallas Christian College
Amare N.,company,Fabric Genomics
Craighead H.G.,company,CipherCloud
Haswell C.,company,Slashdot Media
Broomfield J.,company,Codexis
Tree D.R.,university,Devi Ahilya University of Indore
Baliyarasimhuni S.P.,company,Naytev
Manning A.,university,The Juilliard School
Arya M.,university,Louisiana Baptist University
Turley R.S.,university,"DeVry Institute of Technology, Pomona"
Black K.M.,university,Universidad de Deusto
Franks N.A.,company,RGA Associates
Opra J.,university,International College of the Cayman Islands
Neilsen T.B.,university,University of Texas at San Antonio
Jadbabaie A.,university,Kyunghee University
Pankow M.,company,WorkPatterns
Johnson A.W.,company,MitchelLake Group
Meena G.G.,university,Kigali Independent University
Selvan K.T.,university,Jawaharlal Nehru Technological University
Pope S.A.,company,Robert Half
Henrichsen A.M.,university,Universidad Católica Anselmo Llorente
Potokar E.,company,C3
Carver V.,university,University of Debrecen 
Moore J.J.,university,School of Design and Crafts
Hutchings B.L.,company,FreeWire Technologies
Huang Y.-C.,university,Università Pontifcia Salesiana
Remley K.A.,university,Università Pontifcia Salesiana
Coleman S.,company,Odopod
Johnson C.,university,Vietnam Maritime University
Franca F.,company,Hewlett Packard
Larsen B.,university,Dagestan State University
Upchurch W.,university,Universitas Negeri Surabaya
Rose M.A.,university,Freie Universität Berlin
Lusk P.C.,company,Wheelwell
Wan J.,university,Eastern College
Hutchings N.,company,Indiegogo
Gunter C.,university,Southern Arkansas University
Qaderi K.,company,Scalable Press
Baxter L.,company,ShopPad
Chartrand N.,university,Universidad Privada Los Andes
Goode T.,university,Universitas Nasional Jakarta
Yamashita G.,company,WePay
Verbert K.,company,The Sourcery
Kowalski T.,university,Varna Free University
Hong S.-T.,university,Faisalabad Institute of Textile and Fashion Design
Nelson K.,company,AspireIQ
Durdle C.A.,company,Qwilt
He J.,company,Lookout
Evans S.,company,Naytev
Ottosson H.,company,Periscope Data
Prince D.R.,university,SASTRA Deemed University
Ahn E.-Y.,university,St. Petersburg State University of Technology and Design
Liu M.,university,Université du Sahel
Fan M.,company,Clover Health
Gammer B.,university,Università Pontifcia Salesiana
Barnes J.,university,St. Petersburg State University of Technology and Design
Remillieux M.C.,university,Asa University Bangladesh
Liu F.C.,university,Université Senghor d'Alexandrie
Terry J.S.,university,Kigali Independent University
Lee A.,university,Jinan University
Kabachi M.A.,university,Ahi Evran University
Stephens K.K.,company,MitchelLake Group
Argyle M.D.,university,Royal Danish School of Pharmacy
Smalley D.,company,WorkPatterns
Beutler J.,company,Bugsnag
Medina J.,company,Vineti
Bilancia P.,company,Flexport
Sargent B.,university,Charleston Southern University
Owen M.,university,Pedagogical University of Zielona Gora
Camplani A.,company,Highland Capital Partners
Chatterjee S.,company,SignalFx
Fronk Z.,company,Postmates
Sayre A.,university,Pawel Wlodkowic University College in Plock
Davidson A.D.,university,St. Petersburg State University of Technology and Design
Cazzaniga C.,university,University of Science and Technology
Hammond A.,university,Katholisch-Theologische Privatuniversität Linz
Spearing S.M.,company,NinjaRMM
Longobardo A.,company,WePay
Fernandes T.,university,Universidad Hispanoamericana
Sahawneh L.R.,university,Dallas Christian College
Fullwood D.T.,university,DeSales University
Christie S.,university,Universidad de Los Llanos
Wheeler D.R.,company,Clever
Arnold B.T.,university,Universidade Braz Cubas
Shillue W.,university,Universidad Autónoma de Veracruz Villa Rica
Pan Z.,company,Avast
Remund K.,company,BetterUp
Lomov S.V.,university,Vietnam Maritime University
Lam S.-H.,university,The Juilliard School
Ulrich T.J.,company,Shipt
Whitehead J.P.,university,Central Michigan University
Wu J.,company,Xilinx
Gabriel Richardson J.,university,Ecole Supérieure de Commerce de Le Havre/Caen
Ingersoll K.,company,Twitch
Clark M.R.,university,Chiba University
Willoughby D.,company,Columbus Nova
Brown N.,university,St. Petersburg State University of Civil Aviation
Randall G.C.,company,UserTesting
Clarke K.D.,company,Hewlett Packard
Holland T.,university,Linguistic University of Nizhny Novgorod
Twitchell A.,university,The Superior College 
Wood Chiang S.-H.,university,Matsumoto Dental University
Garcia S.E.,university,"Universidad de Puerto Rico, Rio Pedras"
Hirata C.M.,university,Al Muthanna University
Hardy R.T.,university,Western State College
Vanfleet R.R.,university,University of Minnesota - Duluth
Middendorf P.,university,Faisalabad Institute of Textile and Fashion Design
Tepalcapa S.,company,SV Angel
Boaventura-Cunha J.,university,Freie Kunst-Studienstätte Ottersberg
Wingate D.,university,New England College
Akhatov I.,company,Leetcode
Chapman S.C.,university,Stockholm School of Economics
Adams D.,company,Gainsight
Bidstrup C.,company,Five9
Korimi M.,company,Disqus
Brown J.,company,Figure Eight
Lee J.H.,university,Tokyo Denki University
Weaver B.P.,company,Rockbot
Wright J.G.,university,"Preston University, Pakistan Campus"
Dickinson T.,company,Auth0
Zoltowski C.B.,company,Twitch
Newton M.,university,"Music Academy ""Stanislaw Moniuszko"" in Gdansk"
Redd B.,company,AlienVault
Bodily P.M.,company,GoodData
Gaskin J.,university,Dallas Christian College
Davis B.R.,university,New England College
Berg D.C.,university,Jinan University
Clement M.J.,university,El Shorouk Academy
Schroedter T.,company,Alation
Pratt B.,university,Avicenna International College
Chiminelli A.,university,University of Wisconsin - Stevens Point
Boyd-Graber J.,company,Copper
Cook M.R.,university,Shanghai University of Finance and Economics
Baird G.M.,university,College of DuPage
Dasmeh A.,university,Universiti Pendidikan Sultan Idris
Corie T.H.,company,Allbirds
Cardall H.,university,Tennessee Temple University
Liu W.,company,Human Interest
Jesiek B.K.,university,University of Kansas
Young A.,university,The Juilliard School
Bécar N.A.,company,Indiegogo
Merrell A.J.,university,Mississippi State University
Efimov A.,company,Goodby Silverstein & Partners
Sanders S.,company,Tophatter
Call M.S.,company,Adecco Group
Carlson B.,company,TrustArc
Rupert L.,company,Naytev
Yang Y.,university,Matsumoto Dental University
Egbert S.,university,College of St. Elizabeth
Cheney T.,university,Ecole de l'Air
Bradley M.W.,company,Quantcast
Warnick K.F.,company,Tempo Automation
White J.H.,company,Slalom Consulting
Willenbacher B.,company,Karuna Health
Lavadiya D.N.,university,"Russian Customs Academy, Vladivostok Branch"
Eicholtz M.,company,Crowdcast
Sarker S.,company,Clover Network
Parkinson A.R.,university,"Russian Customs Academy, Vladivostok Branch"
Rasic D.,company,thredUP
Smith J.,university,The Superior College 
Cai H.,university,Al-Quds University - The Arab University in Jerusalem
Brink K.,university,Arthur C Clarke Institute of Modern Technologies
Piktel E.,university,Kagawa Medical School
Parks J.W.,company,Narvar
Nelson T.,company,Crowdcast
Moon B.,company,Vineti
Stanford N.R.,university,Engineering College of Copenhagen
Richard F.R.Y.,company,Indeed
McMillan G.,university,Fachhochschule Erfurt
Hube M.A.,university,Pawel Wlodkowic University College in Plock
Arabian F.,company,Vero
Van Den Bree M.,company,Mozilla
Stone S.E.,company,Human Interest
Hancioglu M.,university,Charleston Southern University
Kurniawan C.,university,Awadhesh Pratap Singh University
Danforth E.M.,university,Vietnam Maritime University
Roberts M.W.,company,Bayside Solutions
Vance A.,company,Hewlett Packard
Powell K.,company,Alation
Hinton D.,university,Morehead State University
Milani A.S.,university,St. Petersburg State University of Technology and Design
Tensmeyer C.,university,Al-Quds University - The Arab University in Jerusalem
Callahan C.,company,Cadence Design Systems
Millard J.,university,Engineering College of Copenhagen
Parsekian G.,company,Periscope Data
Wang T.,company,Clover Network
Hansen N.C.,company,Logikcull
Merchel E.,university,Hoseo University
Calton M.F.,company,Zero Financial
Bhat S.K.,university,"Universidad de Puerto Rico, Rio Pedras"
Wisco J.,company,Bugsnag
Stringham B.J.,company,Rigetti Computing
Lizaranzu M.,company,Gigya
Goeders J.,company,Figure Eight
Frecker M.I.,university,Kosin University
Luk W.,university,Université des Sciences et de la Technologie Houari Boumediène
Sethna J.P.,university,California University of Pennsylvania
Baker M.J.,company,Storenvy
Martin S.R.,university,Kwara State Polytecnic
Hunter I.,university,Windsor University School of Medicine
Vaughn A.B.,university,The Superior College 
Sloan C.,company,Indeed
Seng F.,university,Stockholm School of Economics
Crampton E.,company,Crowdcast
Giles N.F.,university,University Tun Abdul Razak
Kirk R.,university,City University Programs in Bulgaria 
Beauchamp M.J.,university,Ecole de l'Air
Ryou J.-H.,company,Oracle
Sáez E.,company,The Athletic
Sabau S.,university,Universidad de Los Llanos
Wingate D.W.,company,Recurly
Jones S.H.,university,London Business School
Stone B.,university,University of Goroka
Reddy V.,university,International College of the Cayman Islands
Skaggs P.,company,BrightTALK
Higham C.,university,Kyunghee University
Bickham B.P.,university,Université Senghor d'Alexandrie
Johnson M.A.,university,City University Programs in Bulgaria 
Noble P.,university,Universidad Autónoma de Veracruz Villa Rica
Patterson J.L.,company,Rockbot
Mehmood R.,university,SASTRA Deemed University
Davis T.M.,university,Okayama University of Science
Christofferson J.P.,company,Bugsnag
Barreto D.,company,GitLab
Kipp R.M.,company,Nextdoor
Montgomery J.,university,Gustav-Siewerth-Akademie
Briscoe T.,university,Stockholm School of Economics
Avval T.G.,university,Ecole Polytechnique
Kamminga J.W.,university,University Centre of the Westfjords
Takai H.,company,Stripe
Nicks J.,company,Lightspeed Venture Partners
McLain T.W.,university,City University Programs in Bulgaria 
Cayeux E.,university,Technische Universität München
Bodewits D.,university,Technische Universität München
List M.G.,university,Charleston Southern University
Basko R.,company,Sourceress
Bai R.,company,FinancialForce
Menand S.,university,Norwegian University of Sport and Physical Education
Smith J.P.,company,Opendoor
Chowdhury S.,university,University of Veterinary & Animal Science
Park M.,company,Indeed
Pohl M.B.,company,Bebo
Levin H.S.,university,Charleston Southern University
Wallin N.,company,Bebo
Plett G.L.,university,Ecole Supérieure de Commerce de Le Havre/Caen
Udall J.A.,company,Betterworks
Lee D.-J.,university,SASTRA Deemed University
Fredrickson A.,university,Hoseo University
Hotchkiss R.,company,Verkada
Farnsworth C.,company,Outlier AI
Brunhaver J.,university,London Business School
Tiwari R.,company,Twitch
Arango A.,university,St. Petersburg State University of Technology and Design
Mo J.,company,Betterworks
Cole-Rhodes A.,university,Tokyo Denki University
Welling A.G.,company,Sofinnova Ventures
Rech P.,company,Swiftly
Peterman R.J.,company,Convex
Chen Y.-F.,university,"DeVry Institute of Technology, Pomona"
Vasquez D.,company,Codi
Gamstedt E.K.,university,University of Arkansas for Medical Sciences
Meaker K.S.,company,Harmonic
Anderson S.,university,Dagestan State University
Hong C.-F.,company,Nextdoor
Stagg G.G.,company,Horizons School of Technology
Olsen C.R.,university,Ivanovo State Power University
Walters D.J.,university,University of Medicine Magway
Sharker S.I.,company,Columbus Nova
Reichman B.,university,University of Minnesota - Duluth
Eckhardt B.,company,WorkPatterns
Alder C.K.,university,University of Nicosia
Behounek M.,company,Leetcode
Lang R.J.,company,Intuit
Datta B.,company,Outlier AI
Dennis E.L.,company,Kong
Johnson M.H.,university,"University of California, Riverside"
McDonnell T.,university,Jamia Hamdard University
Oliphant K.,company,Swiftly
Nordin G.P.,university,Ecole Supérieure de Commerce de Le Havre/Caen
Pack A.T.,university,Berne University
Choudhury D.,university,Westminster College of Salt Lake City
Searle M.,company,Practice Fusion
Lee T.Y.,university,International College of the Cayman Islands
Ren Y.,company,Mission Lane
Hahn A.,university,Freie Universität Berlin
Nielsen J.,university,Central Michigan University
Jensen H.,company,Triplebyte
Reese K.,university,Universidade Braz Cubas
Ishimwe E.,company,Robert Half
Derricott J.,company,8tracks
Morgan W.S.,university,Benemerita Universidad Autónoma de Puebla
McMurray J.,university,Norwegian University of Science and Technology
Bowman K.E.,company,Flexport
Liu C.,company,Outreach
Baker N.F.,company,Samsara
Chen J.Y.C.,university,City University Programs in Bulgaria 
Huang C.,company,Flexport
Kring D.A.,company,Y Combinator SF
Farr T.,company,WanderJaunt
Zhao W.,university,London School of Business & Finance
Kao C.-W.,company,Highland Capital Partners
Zhu Y.,company,Indiegogo
Bustamante D.,company,Capital One
Detournay E.,university,Veterinärmedizinische Universität Wien
Arshad S.,university,University of Debrecen 
Andre F.,company,Flipboard
Jonas R.K.,company,Human Interest
Kobayashi M.,company,reputation.com
Brewer E.,university,Pawel Wlodkowic University College in Plock
Muir R.,university,Al-Quds University - The Arab University in Jerusalem
Bencivenga F.,university,University of the South Pacific
Pehrson N.A.,company,Gumroad
Desrochers C.,university,Ecole Polytechnique
Asimaki D.,company,AspireIQ
O'Malley D.,company,Kentik
Collett T.,company,Kabam
Whitty K.J.,company,Nexus Venture Partners
Pires dos Santos R.,company,Sibly
Xuan J.,university,Kyunghee University
Vogel S.C.,university,Sri Padmavati Women's University
Butail S.,company,ClearMetal
Gee K.L.,company,UserTesting
Almeida N.V.,university,Fachhochschule Osnabrück
Simon T.J.,university,Kyunghee University
Zhou G.,company,Postmates
Beyerlein I.J.,university,SASTRA Deemed University
Crandall K.A.,university,Shandong Medical University
Salmon J.L.,university,Universiti Pendidikan Sultan Idris
Bybee S.,company,Horizons School of Technology
Bearden C.E.,university,Louisiana Baptist University
Jesiek B.,company,SignalFx
Seamons K.,university,Rogers State University
Power R.,company,Allbirds
Beard R.W.,company,Disqus
Hopkins B.,university,DeSales University
Allender E.J.,university,Heritage College
Mehr J.,company,Terminus Software
Niedfeldt P.C.,company,Naytev
Monk A.,company,Outreach
Wheeler D.O.,university,Universitas Negeri Surabaya
Temizel-Sekeryan S.,company,BloomThat
Marsh A.,university,Stockholm School of Economics
Zentner L.,company,Codi
Broyles Z.,university,Tokyo Denki University
Abut F.,company,Bugsnag
Fullwood D.,company,Radical Designs
Santos V.J.,company,Rockbot
Cunningham A.,university,Harare Institute of Technology
Metro D.,company,DesignMap
Lazzaroni M.,university,Polish Open University in Warsaw (WSZ/POU)
Carreira M.,university,Lipeck State Technical University
Brown N.P.,company,Invoice2go
Tryon J.E.,university,California University of Pennsylvania
Alin F.,company,Karuna Health
Shapeev A.V.,company,Tempo Automation
Jones T.,company,Figure Eight
Wood A.E.,company,Tally
Cameron J.,university,Katholisch-Theologische Privatuniversität Linz
Hendershott J.,company,UserTesting
Bird E.,university,Norwegian University of Sport and Physical Education
Kuan Y.,company,WorkPatterns
Layton T.,university,"Universidad de Puerto Rico, Rio Pedras"
Johnson C.L.,university,Ivanovo State Power University
Killian M.,company,UserTesting
Roundtree K.A.,university,Avicenna International College
Chu H.,university,St. Petersburg State University of Technology and Design
Diao J.,company,Woebot Labs
Endruweit A.,company,Xilinx
Salehi A.S.M.,university,Jiangsu University of Science and Technology
Poussin H.,company,Sparkcentral
Jones Z.T.,company,Dover
Dodson B.,company,Quantcast
Hawkins A.R.,company,Yahoo
Tamashasky B.,university,Ahi Evran University
III,university,DeSales University
Lim H.,company,Vero
Lin Q.,company,Intelliswift
Richey M.C.,company,BloomThat
Payette G.,company,OpenDNS
Orme A.,company,Human Interest
Richards D.,company,Clever
Brown T.,university,East Central University
Brivadis E.,company,Braintree
Guldiken R.,university,Firat (Euphrates) University
Spencer J.C.,company,Glassdoor
Thomas S.M.,company,Philo
O’Neill M.,university,Firat (Euphrates) University
Pierce I.,company,Evernote
Zhang F.,university,Polish Open University in Warsaw (WSZ/POU)
Clinton R.,university,Carlow College
Flanary D.,university,Huaihai Institute of Technology
Gustafson E.,company,Zero Financial
Downing T.,company,Five9
Bohn R.E.,university,Ahi Evran University
Wendel J.F.,company,NinjaRMM
Griffin D.,company,Mozilla
Warr R.L.,company,TalentSeer
Domschke V.,university,Kwara State Polytecnic
Stone B.R.,company,Cloudera
Lourenço P.B.,company,TriplePoint Capital
Crockett J.,company,BlueCrew
Downing J.M.,company,Mynd
MacCarty N.A.,company,Avast
Saleh A.M.,university,Kansai University of Social Welfare
Bodily D.M.,university,St. Petersburg State University of Technology and Design
Qi C.,company,Practice Fusion
Troyanskaya M.,company,Ridecell
Hansen B.,university,The Juilliard School
Chambers C.,company,Karuna Health
Daily K.,company,DesignMap
Weidman J.E.,university,London Business School
Lorimer D.R.,university,Westminster College of Salt Lake City
Burrow D.,company,Adobe
Chen G.,company,ClearMetal
DeFigueiredo B.P.,company,Seismic
Xue M.,company,Outlier AI
Moazzami F.,company,Adobe
Cook D.D.,university,"Russian Customs Academy, Vladivostok Branch"
Gardner J.W.,university,Universidade para o Desenvolvimento do Alto Vale do Itajaí
Kitching J.,company,Rigetti Computing
Smith T.,company,Bugsnag
Beyzaei C.,university,Devi Ahilya University of Indore
Busuttil P.,university,St. Petersburg State University of Civil Aviation
Reimschiissel B.,university,Tokushima University
Collins N.S.,company,Gainsight
Marchese M.,company,Court Buddy
Merrill R.M.,company,Disqus
Thorum A.,university,Chinese Culture University
Whiting T.A.,university,Gustav-Siewerth-Akademie
Ahmad W.,company,Stitch Labs
Zou Z.,university,Berne University
Hunt J.P.,company,NinjaRMM
Migliaccio M.,company,Jobspring Partners
Rojas-Nastrucci E.A.,company,Clever
Fletcher T.H.,university,Lamar University
Holbrook M.D.,company,Jobspring Partners
Lin C.-S.,company,Gigya
Craddock T.J.A.,company,Grand Rounds
Sun G.,university,Stockholm School of Economics
Sacchi C.,university,Ivanovo State Power University
Ning A.,university,Academia Nacional Superior de Orquesta
Abildskov T.J.,university,College of DuPage
Illerhaus R.,university,Universidad Privada Abierta Latinoamericana
Song R.,company,Wheelwell
Stowers K.J.,company,Sift Science
Bartschi J.M.,university,New England College
Ridge S.T.,university,"National Institute of Technology, Jamshedpur"
Jin M.,university,Shandong Medical University
Butler B.W.,company,Postmates
Bruening D.A.,company,CipherCloud
Talbot S.,university,Matsumoto Dental University
Knighton B.E.,university,Hiroshima Women's University
Park C.-H.,company,Kyokan
Qu Y.,university,Université du Sahel
Campbell L.E.,university,Jinan University
Consalvi J.-L.,university,University of Veterinary & Animal Science
Hogg S.M.,company,Flipboard
Russell D.N.,university,Kyunghee University
Roeder B.L.,university,University of Veterinary & Animal Science
Bauer J.M.,university,Hoseo University
Antshel K.M.,company,MessageBird
Campbell C.,company,Convex
Maxfield J.H.,company,Triplebyte
Solovjov V.P.,university,Eastern College
Leary H.,company,Kentik
Walton M.P.,university,Universidad de Deusto
James M.M.,company,Seismic
Kahn C.,company,thredUP
von Lockette P.,company,Lookout
Shutt T.,company,Gumroad
Jensen M.A.,company,Qwilt
Ohara Y.,university,University of Nicosia
Weaver J.M.,company,Auth0
Guo C.,university,St. Petersburg State University of Civil Aviation
Kovacevic A.,university,Belarussian State Pedagogical University M. Tanka
Yuan Y.,company,Quantcast
Alejandro A.,university,New England College
Fremont W.,company,Yahoo
Wray K.W.,company,Grand Rounds Inc.
Hadi Nazari S.,university,Kosin University
Lawrence P.B.,university,Vietnam Maritime University
Bosh A.S.,company,Radical Designs
Allen Q.S.,university,Rogers State University
Jensen S.,university,Wichita State University
Wright L.,company,Sourceress
Cannon M.,university,Faisalabad Institute of Textile and Fashion Design
Peters K.J.,university,Universidad Privada Abierta Latinoamericana
Ferguson S.M.,company,Stripe
Hull T.,university,University of Engineering and Technology Lahore
Huang B.,company,IBM
Plotnick L.,university,Gustav-Siewerth-Akademie
Stott M.A.,university,Mount Senario College
Rougier E.,university,Mount Senario College
Hastings A.,company,AgilOne
Leete K.M.,company,ClearBrain
Clark R.,university,Western State College
Gallagher H.L.,university,"Russian Customs Academy, Vladivostok Branch"
McKinley R.L.,company,ShopPad
Rowberry H.C.,university,Dallas Christian College
Hueros R.A.R.,company,Fabric Genomics
Bryan C.R.,company,Matter
Wang H.,company,Matter
Truscott T.T.,company,Twitch
McEwen B.,company,Indeed
Nikolov I.,company,TrustArc
Gandikota R.,company,Sparkcentral
Morey R.,company,Robert Half
Rowe W.J.,company,Postmates
Stan N.,company,Odopod
Thomas J.,university,Hoseo University
Wallace J.W.,company,Vero
Lopes R.,company,Fabric Genomics
McCall A.J.,company,Urban Airship
Orfila M.,university,Devi Ahilya University of Indore
Wood C.,university,Odense University
Harrison C.R.,company,Woebot Labs
Rai A.,university,Asa University Bangladesh
Luscher D.J.,company,Hoodline
Nelson N.,university,The Superior College 
Yellowhorse A.D.,company,Kabam
Paterson A.H.,company,The Sourcery
Hamilton E.,university,University of Wisconsin - Stevens Point
Quick L.C.,university,"University of Eastern Africa, Baraton"
Adams B.,company,Seismic
Ottosson H.J.,company,Mission Lane
Whitaker J.,university,Tokiwa University
Popescu V.,company,Intuit
Du X.,company,Auth0
Leung H.,company,Rockbot
Skousen D.J.,university,Tiraspol State University
Crampton E.B.,university,University of Goroka
Tchoua R.,company,Philo
Mishra R.,university,Academy of Management and Entrepreneurship
Smith S.P.,company,Nextdoor
Orr J.,university,Jiangsu University of Science and Technology
Rivkin A.S.,university,Varna Free University
Hirt J.R.,university,Devi Ahilya University of Indore
Qian Z.,company,Human Interest
Hatch C.,university,College of St. Elizabeth
Patterson E.S.,university,Kyunghee University
Vajdi A.,university,Norwegian University of Science and Technology
Paillou P.,company,Leetcode
Nmira F.,university,London School of Business & Finance
Speirs N.B.,company,Crowdcast
Wright S.I.,company,Yammer
Rayner G.B.,university,Charles University Prague
Humpherys J.,university,Sri Padmavati Women's University
Wilson J.P.,university,Arthur C Clarke Institute of Modern Technologies
Van Hoe B.,company,Codi
Butler B.,company,Qwilt
Lorenz R.D.,company,DesignMap
Farrell M.,company,Kentik
Moore K.R.,company,Urban Airship
Hsieh H.H.,university,Universidad de Los Llanos
Ray Pentecost A.,university,Awadhesh Pratap Singh University
Li X.,company,Tally
Palma L.,university,Liaoning Technical University
Hicks A.L.,university,China Medical College
Brownlee B.J.,company,Stripe
McLeod A.R.,university,Norwegian University of Sport and Physical Education
Noble M.,university,El Shorouk Academy
Liang J.H.,university,"University for Information Science and Technology  ""St. Paul The Apostle"" "
Drennon A.M.,company,BabyCenter
Imran M.,company,Cloudera
Newsome M.R.,university,Ecole Polytechnique
Tovar J.L.,university,Sultan Azlan Shah Polytechnic 
Savage P.B.,university,International College of the Cayman Islands
Nguyen T.,company,Ridecell
Carlson S.,university,Jerash Private University
Borden M.J.,university,Katholisch-Theologische Privatuniversität Linz
Valdoz J.C.,university,Eastern Conservatory of Music
Williams T.,company,FinancialForce
Packer R.,university,Al-hikmah University
Teng J.,company,Terminus Software
Josephson A.J.,company,The Athletic
Morales C.,company,Yahoo
Christensen J.E.,company,Ridecell
Troy Blackburn J.,university,Westminster College of Salt Lake City
Franke K.,university,Engineering College of Copenhagen
Liarte D.B.,company,Terminus Software
Kendrick B.,university,Huaihai Institute of Technology
Jackson B.,university,Wichita State University
Campbell E.,company,WanderJaunt
Buckmiller E.,university,Kagawa Medical School
Libano F.,university,Harare Institute of Technology
Smith T.J.,company,ClearBrain
Zhou Z.,university,Odense University
Murphy C.,university,Academia Nacional Superior de Orquesta
Soderquist D.R.,company,Uber
Meena G.,company,Intelliswift
Kothapalli D.,university,University of the South Pacific
Posen S.,university,Fachhochschule Osnabrück
Hart G.,company,The Trade Desk
Gorrell S.,company,Capital One
Loiseau J.,university,University of Kansas
Sisodia S.M.,university,Kazak American University
Podryabinkin E.V.,university,Universidad Católica Anselmo Llorente
Hendrickson N.R.,company,AlienVault
Cosner R.,university,Fachhochschule Dortmund
Irvin J.J.,university,University of Nicosia
Herder J.L.,company,Alation
Matheson D.J.,company,SpotX
Holt E.A.,company,Sift Science
Allen J.T.,company,Cadence Design Systems
Butler M.,company,Invoice2go
Linden D.E.J.,university,Pawel Wlodkowic University College in Plock
Sun C.,university,Wichita State University
Malaska M.J.,company,The Athletic
Amoroso S.,company,Credit Karma
Prugue C.,university,Sri Padmavati Women's University
Johnston J.D.,company,Remind
Kurata M.,university,University of Veterinary & Animal Science
Baird S.,company,Vineti
Scott M.A.,university,Universidad Católica Anselmo Llorente
Bingham E.,company,Braintree
Cattaneo A.,university,Stockholm School of Economics
White S.,company,Always Hired
Mueller T.,university,"University of Eastern Africa, Baraton"
Casbeer D.,university,Lipeck State Technical University
Lübeck A.,company,Shipt
Milana G.,company,Wheelwell
Clement M.,university,Jinan University
Mishra R.S.,company,Qwilt
Monteiro T.,company,Allbirds
Harmer R.,university,Matsumoto Dental University
Smith A.K.,company,npm Inc
Dutson J.,university,Carlow College
Exter M.,company,ColorTokens
Fredriksson C.,company,Remind
Wen S.-J.,company,Clever
Field D.P.,company,Synchrony
Fry R.,university,Polish Open University in Warsaw (WSZ/POU)
Belden J.,university,Veterinärmedizinische Universität Wien
Gur R.E.,university,El Shorouk Academy
Lusvardi C.,company,Sourceress
Findlater L.,university,University of Baltimore
Taylor B.A.,university,Lutheran School Of Theology In Aarhus
Gudbrandsen M.,university,Dagestan State University
Xi L.,company,BrightTALK
Jones S.,university,Universidad Autónoma de Veracruz Villa Rica
Hatch N.W.,university,Universidad Autónoma de Veracruz Villa Rica
Ebert J.,university,Shanghai University of Finance and Economics
Day N.,company,MyFitnessPal
Schaumann L.,company,Outlier AI
Major G.H.,company,Aktana
Herr D.J.C.,university,"National Institute of Technology, Jamshedpur"
Linn R.R.,university,University of Debrecen 
Ruoti S.,university,Université du Sahel
Cramer J.,company,Twitch
Barrett B.J.,university,University of Arkansas for Medical Sciences
Zhuang H.,university,Norwegian University of Sport and Physical Education
Abraham Martin R.,university,Academia Nacional Superior de Orquesta
Du Y.,university,Gustav-Siewerth-Akademie
Tejada-Martínez A.,university,DeSales University
Crawford D.C.,company,Bayside Solutions
Dillon P.B.,company,Sourceress
Roman H.R.,company,Bebo
Wijaya W.,university,Matsumoto Dental University
Sandberg R.,company,thredUP
Franke K.W.,company,Tally
Austin D.E.,company,Clover Network
Clayton M.F.,company,Y Combinator SF
Francis B.L.,university,Kyushu Sangyo University
Haber J.M.,company,Convex
Gunnarsson A.,company,IBM
Kurtz D.,company,Hewlett Packard
Folkman S.,company,TechSoup
Hepworth A.I.,university,Institut Catholique de Paris
Li T.,university,Mississippi State University
Howell L.L.,university,University Tun Abdul Razak
Magleby S.P.,university,Shanghai University of Finance and Economics
Fan J.,company,Skillz
Sansom R.L.,university,Eastern College
Wagstaff K.B.,university,Fachhochschule Osnabrück
Carrion R.,company,AgilOne
Carsley J.E.,university,Astrahan State Technical University
Shoemaker G.,university,Kigali Independent University
Rowley R.L.,company,Sift Science
Tsutsumi S.,company,Verkada
Cook J.,company,The Athletic
Blackburn L.,university,Central Michigan University
Poornejad N.,university,Kosin University
Conci N.,university,University of Aleppo
Geiger D.W.,company,Quantcast
Mojica J.L.,university,West Pomeranian Business School in Szczecin
Glaab P.C.,university,Norwegian University of Sport and Physical Education
Liu B.-F.,university,Freie Universität Berlin
Wirthlin M.J.,university,Mississippi State University
Petersen D.,university,Beijing Union University
Taciroglu E.,company,Sourceress
Lebedev O.V.,university,Okayama University of Science
Galvez de Leon P.,university,Instituto Mauá de Tecnologia
Jiang Z.,company,Periscope Data
Mazrouei S.,university,Ivanovo State Power University
Peterson S.,company,MessageBird
Kane E.,university,Al Muthanna University
Harris R.,company,ColorTokens
Liu L.,company,DesignMap
Nguyen V.,company,Swiftly
Hwang J.T.,company,Glassdoor
Keller A.M.,university,Dallas Christian College
Gosch A.A.,company,Lookout
Yeung E.,university,Devi Ahilya University of Indore
McCabe K.L.,university,Westminster College of Salt Lake City
Oara C.,company,Imgur
Lundgreen R.,university,Matsumoto Dental University
Vernon C.A.,company,UserTesting
Huang Z.,company,Nexus Venture Partners
Radebaugh J.,university,Universitat de Vic
Rollins K.,university,"Music Academy ""Stanislaw Moniuszko"" in Gdansk"
Orme A.D.,university,National University of Lesotho
Jensen B.D.,university,"Music Academy ""Stanislaw Moniuszko"" in Gdansk"
Zhang D.,university,Ecole de l'Air
Protopapa S.,company,Intelliswift
Wilson J.C.,university,Varna Free University
Major J.,company,Credit Karma
Pipes R.B.,university,Lipeck State Technical University
Woodbury N.,company,Linqia
Eaton A.N.,company,Sourceress
Martinez T.,university,DeSales University
Kushan L.,university,University of Medicine Magway
Ahrens J.,company,Court Buddy
Abliz D.,university,Universidad Privada Abierta Latinoamericana
Han K.-S.,company,Teamable
Rollins K.M.,company,CipherCloud
Ashida M.,university,Freie Kunst-Studienstätte Ottersberg
Argyle M.,university,Fachhochschule des Mittelstandes (FHM)
Johnson J.A.,university,Linguistic University of Nizhny Novgorod
Ngo K.,university,Veterinärmedizinische Universität Wien
Brewer J.,university,Fachhochschule des Mittelstandes (FHM)
Nickerl A.,university,University of Minnesota - Duluth
Kim M.D.,university,Kyoto Prefectural University of Medicine
Wheadon J.,university,Northwest Christian College
Purohit H.,university,Pawel Wlodkowic University College in Plock
Youn C.C.,company,WanderJaunt
Mercer E.G.,company,NinjaRMM
Ward J.,company,Mission Lane
Stambaugh A.,university,Beni Suef University
Gautam A.,university,University of South Carolina - Beaufort
Schoell R.,company,Matter
Helps R.G.,university,Université des Sciences et de la Technologie Houari Boumediène
Leavitt J.C.,university,Fondation Universitaire Luxembourgeoise
Unrau M.A.,university,Pedagogical University of Zielona Gora
Senic D.,company,Copper
Wham B.P.,university,Tennessee Temple University
Palmer A.,company,Stripe
Frandsen D.,company,Zero Financial
Embley J.S.,company,AspireIQ
Bunimovich L.,company,Naytev
Chung W.-S.,company,Leap Motion
Mulford R.B.,university,Northwest Christian College
Lofthouse V.,company,Leap Motion
Wilde E.A.,university,Universidad Autónoma de Veracruz Villa Rica
Taysom B.S.,university,Tiraspol State University
Jones M.,company,Allbirds
Thacker K.S.,university,Fachhochschule Dortmund
Liu J.,company,Sofinnova Ventures
McGhin R.F.,company,Harmonic
Sitar R.,company,McKesson
Safdari M.-S.,university,Universidad Privada Abierta Latinoamericana
Bjørkevoll K.S.,company,Riot Games
Smith R.,university,National Hsin-Chu Teachers College
Price J.L.,company,Vineti
Prasad S.V.,university,Gifu University
Membreno K.,company,Goodby Silverstein & Partners
Harris A.W.,company,Canopy Health
Emelifeonwu J.,university,Harare Institute of Technology
Shen W.,university,Varna Free University
Xia T.,company,RGA Associates
Gladstone R.,company,Gigya
Goncalves J.,company,Bayside Solutions
Campbell B.D.,university,Muskingum College
Craig M.,company,General Assembly
Hardman M.A.,university,Engineering College of Copenhagen
Feeman S.M.,company,Robert Half
Hu R.,university,Fachhochschule Erfurt
Hicks D.,university,University of Macedonia
Villa J.M.,university,Beni Suef University
Schima S.,company,Aktana
Bateman T.C.,university,Tiraspol State University
Jeffs B.D.,company,ClearMetal
Okunuki T.,company,NinjaRMM
Frediani M.E.B.,company,Narvar
Miles M.,company,Leap Motion
Kress J.D.,company,MetaVision
Mercer E.,company,BabyCenter
Draper S.R.E.,university,Avicenna International College
Chamberlin R.,company,Insight Global
Sarić A.T.,company,Woebot Labs
Primig S.,university,Kigali Independent University
Pitt W.G.,university,St. Petersburg State University of Technology and Design
Wilson P.S.,university,Morehead State University
Long A.,company,ShopPad
Calve S.,company,Kabam
Benson D.,company,SV Angel
Seeley M.K.,company,Slashdot Media
Dasgupta A.,university,Jamia Hamdard University
Wanik D.W.,university,Freie Universität Berlin
Srivastava V.,university,Mississippi State University
Mathis T.,university,California University of Pennsylvania
Ashcraft C.C.,university,Lipeck State Technical University
Stevenson P.D.,company,MitchelLake Group
Khoshniat A.,company,Indiegogo
Tarnok Z.,company,Hewlett Packard
Whitworth C.B.,company,Grand Rounds Inc.
Lay K.,company,Indeed
Yuan J.,university,Linguistic University of Nizhny Novgorod
Adams M.R.,company,Crowdcast
Burgett J.M.,company,Forcepoint
Peterson C.K.,university,Beni Suef University
Rahman M.,university,Shandong Medical University
Zhao E.L.,company,Sourceress
Briggs F.,company,Columbus Nova
Jeong Y.-H.,university,"University of Eastern Africa, Baraton"
Akamine M.,company,Harmonic
Woods D.D.,university,"University of Eastern Africa, Baraton"
Duffy C.,university,University Tun Abdul Razak
Wilding K.M.,company,The Athletic
Wham B.,university,Kyoto Prefectural University of Medicine
Smalley D.E.,company,Sofinnova Ventures
Johnson C.A.,company,The Trade Desk
Witzeman J.S.,university,Academia Nacional Superior de Orquesta
Dahlin E.,company,Sibly
Lemonnier D.,university,"University of Eastern Africa, Baraton"
Fiedoruk K.,company,Five9
Bong H.J.,university,"Preston University, Pakistan Campus"
Perez-Celis A.,company,FreeWire Technologies
Greenwood J.,company,Grand Rounds
Talbot M.,university,Polish Open University in Warsaw (WSZ/POU)
Birch S.,company,Sofinnova Ventures
Bakker G.,university,Kyushu Sangyo University
Mishra R.K.,company,SignalFx
Lee E.T.,company,Harmonic
Perkovic-Martin D.,university,University of West Los Angeles
Harrison W.K.,university,Avicenna International College
Raven L.A.,company,Triplebyte
Scott D.R.,university,Universidad Autónoma de Veracruz Villa Rica
Pham H.,company,Nextdoor
Morgan J.C.,university,International College of the Cayman Islands
McClelland H.G.,university,Soka University
Biswas A.,university,Odense University
Johnson O.K.,university,University of Arkansas for Medical Sciences
Morgan D.,university,Universidad Hispanoamericana
Hill J.C.,university,University of Goroka
Lane S.,company,Glassdoor
Toher C.,university,National University of Lesotho
Roxanne Hiltz S.,company,Philo
Bangerter N.,company,Zerodown
Lansinger V.,company,Court Buddy
Bowlan P.,university,University of West Los Angeles
Yan X.,university,Gifu University
Defigueiredo B.P.,company,Mattermost
Hinds S.R.,university,Tiraspol State University
Crandall J.W.,company,Naytev
Levy O.,company,Fabric Genomics
Desai A.,company,thredUP
Liepe M.,company,Everlaw
Sellers A.D.,company,Philo
Aslani P.,company,Sift Science
Rich J.T.,university,Université Senghor d'Alexandrie
Roberts M.,university,University of the Faroe Islands
Nielson M.,university,Fachhochschule Erfurt
Palmer J.,university,Technische Universität München
Heath Ogden T.,company,FreeWire Technologies
El-Essawi M.,university,Universidade para o Desenvolvimento do Alto Vale do Itajaí
Bolme C.,university,Università Pontifcia Salesiana
Sadler J.E.,university,Kwara State Polytecnic
Tobiasson J.R.,company,Twitch
La A.,university,Kigali Independent University
Kelly J.D.,university,Universitas Negeri Surabaya
Enos D.G.,university,Lamar University
Swindlehurst E.,company,Outlier AI
Sickafoose A.A.,university,Jiangsu University of Science and Technology
Harper C.,company,GitLab
George M.W.,university,University of Engineering and Technology Lahore
Simpson T.W.,university,Mount Senario College
Galtier M.,company,Teamable
Bonner N.,university,University of Dodoma
De Berker H.,company,Clover Network
Shor R.,company,Leetcode
Ynchausti C.,university,Academia Nacional Superior de Orquesta
Risovi-Hendrickson W.,university,University of South Carolina - Beaufort
Machekposhti D.F.,company,General Assembly
Eaton A.,company,AlienVault
Bohman M.,company,Stitch Labs
Ledezma C.,company,Zerodown
Niezgoda S.,university,St. Petersburg State University of Technology and Design
Sypherd S.,university,New England College
Zadegan R.M.,university,College of DuPage
Wood D.,university,Universitas Komputer Indonesia
Hogge J.W.,university,Ahi Evran University
Ling M.,university,University of Baltimore
Catelani G.,company,99designs
Lavin C.,university,The College of New Jersey
Cannon S.,university,Faisalabad Institute of Textile and Fashion Design
Hathaway J.E.,university,Tennessee Temple University
Sato Y.,university,University of the Sunshine Coast
Crandall K.,university,Lutheran School Of Theology In Aarhus
Pendlebury J.,company,SV Angel
Heidbrink S.,university,Gustav-Siewerth-Akademie
West R.E.,university,Windsor University School of Medicine
Perego A.,university,University of Aleppo
Oettle N.K.,company,SignalFx
Hamilton M.,company,Uber
Kaivo-oja J.,university,Pedagogical University of Zielona Gora
Howell C.,university,Harare Institute of Technology
Pehrson N.,company,Sofinnova Ventures
Vaugh A.B.,company,Codi
Sun W.,university,Ahi Evran University
Khah F.S.,company,Terminus Software
Stanley A.P.J.,company,Landor
Henderson P.,company,Practice Fusion
Transtrum M.T.,university,East Central University
Rombach I.,university,China Medical College
Pastusek P.,company,Grand Rounds Inc.
Stan G.-B.,university,Faisalabad Institute of Textile and Fashion Design
Ni Q.,company,GoodData
Briceño X.,university,Institut Catholique de Paris
Baskaran R.,company,MyFitnessPal
Johnson H.,company,Triplebyte
Laughlin E.,university,Shandong Medical University
King J.,company,BabyCenter
Khajah T.,university,University of Trieste
Robinson K.P.,company,Rigetti Computing
Atkinson N.,company,Sourceress
Hyatt P.,company,Sift Science
Freeman I.,university,University of Kansas
Wells T.,company,MetaVision
Manyam S.G.,company,Logikcull
Larmore G.,university,Norwegian University of Sport and Physical Education
Willey L.,university,Universidade para o Desenvolvimento do Alto Vale do Itajaí
Švenda V.G.,university,Soka University
Witherow K.,company,Goodby Silverstein & Partners
Ruggieri M.,company,MitchelLake Group
Gunther H.,university,University of Baltimore
Long D.G.,university,Jiangsu University of Science and Technology
Viglione M.,company,Fabric Genomics
Lin A.,company,Matter
Belanger H.,company,Uber
Shahandashti S.K.F.,company,Nerd Wallet
Barker B.,company,Narvar
Hammond A.M.,company,Columbus Nova
Chang J.S.,university,Tennessee Temple University
Codling J.R.,company,Urban Airship
Harden T.,company,Makena Capital Management
Lovett B.,university,University of Goroka
Gagakuma E.,company,Skillz
Gubaev K.,university,St. Petersburg State University of Civil Aviation
Qian X.,company,General Assembly
Chen L.,university,Southeastern University
Allen M.,university,Belarussian State Pedagogical University M. Tanka
Graul R.J.,company,Slalom Consulting
Gupta V.,company,Practice Fusion
Velez C.,university,University of Wisconsin - Stevens Point
Jain A.,company,Slashdot Media
Rosenbrock C.W.,university,Sultan Azlan Shah Polytechnic 
Nordin G.,university,Varna Free University
Camacho R.M.,university,Universidade para o Desenvolvimento do Alto Vale do Itajaí
Maughan P.J.,university,Shanghai University of Finance and Economics
Svenda V.G.,university,Okayama University of Science
Cobos D.,university,Sultan Azlan Shah Polytechnic 
Beard J.D.,university,Musashi University
Samelson R.,university,Institut Catholique de Paris
Louis-Kayen N.M.,university,University of Debrecen 
Balling R.J.,company,Postmates
Badger J.C.,company,AMD
Machanzi T.,company,Figure Eight
Fuller S.G.,company,Equinix
Yu M.,company,Highland Capital Partners
Saric A.T.,university,School of Design and Crafts
Brusati M.,company,ShopPad
Bowden A.E.,university,Dagestan State University
Dwivedi V.H.,university,Awadhesh Pratap Singh University
Killpack M.,university,"DeVry Institute of Technology, Pomona"
Penner J.F.,university,Catholic University of Eastern Africa
Rupp M.,university,Muskingum College
Clark B.,company,MyFitnessPal
Consalvi J.L.,company,Matchpoint Solutions
Hutchings B.,university,South Texas College of Law
Kaoumi D.,company,Stitch Labs
Cook A.,company,Rockbot
Wamick K.,university,Freie Kunst-Studienstätte Ottersberg
Holloway C.L.,university,Universitas Komputer Indonesia
Marr K.M.,company,Five9
Zaremba S.,company,Urban Airship
Turoff M.,company,Always Hired
Lyman C.,university,University of Dodoma
Brower D.V.,university,Norwegian University of Science and Technology
Bilodeau R.A.,university,National Hsin-Chu Teachers College
Naylor T.A.,company,Allbirds
Laycock R.G.,university,Wichita State University
Christensen J.,university,Devi Ahilya University of Indore
Anderson J.,university,Louisiana Baptist University
Hou H.,company,Harmonic
Warnick G.M.,company,Goodby Silverstein & Partners
Rosquist P.G.,university,Universiti Pendidikan Sultan Idris
Hill M.,university,Eastern Conservatory of Music
Jahanshad N.,university,Institut Catholique de Paris
Gomes M.A.C.,university,University of Arkansas for Medical Sciences
Ramos K.,company,Columbus Nova
Ban H.,university,"University of Eastern Africa, Baraton"
Vaterlaus A.C.,company,Linqia
Christensen C.,university,Stockholm School of Economics
McElderry J.,company,BloomThat
Baptista A.,company,WanderJaunt
Kimmons R.,university,Sri Padmavati Women's University
Jensen T.D.,university,Ahi Evran University
Kind K.,university,Avicenna International College
You Z.,university,Berne University
Baker W.H.,university,Western State College
Frei M.,company,Tophatter
Ende J.J.,company,Philo
Zhang J.,company,TriplePoint Capital
Michela E.,company,Urban Airship
Ernst D.,company,McKesson
Sgobba T.,university,Stockholm School of Economics
Black R.,company,Sift Science
Olsen M.H.,university,Dagestan State University
High G.,university,Université Senghor d'Alexandrie
Karra S.,company,Five9
Wagoner R.H.,university,Polish Open University in Warsaw (WSZ/POU)
Villalon-Reina J.E.,university,Norwegian University of Sport and Physical Education
Hyatt L.P.,company,IBM
Makhmalbaf A.,company,Disqus
Nyshadham C.,company,Braintree
León C.,university,Kigali Independent University
Jellen E.N.,company,Hiretual
Dong J.,university,University of Debrecen 
Jones M.R.,university,Lutheran School Of Theology In Aarhus
Lee M.-G.,university,Fachhochschule Osnabrück
Takahashi K.Z.,company,Sourceress
McDonald J.K.,university,Berne University
Shamsabadi A.,company,Canopy Health
Szymanski R.,university,Windsor University School of Medicine
Hogg H.L.,company,C3
Lee D.S.,company,Woebot Labs
Greenburg M.J.,company,BetterUp
Christensen K.A.,university,DeSales University
Hansen L.,company,Kong
Willett K.,company,Bugsnag
Best C.M.,university,State Maritine Academy
Pucci M.F.,university,Universitat de Vic
Boardman B.,university,Tokushima University
Webb B.W.,company,Braintree
Taheri M.L.,company,Codi
Willmore D.,company,Five9
Frankman D.,university,Academia Nacional Superior de Orquesta
Anapalli S.,company,Stitch Labs
Gneiting S.A.,university,Muskingum College
Matsubara E.,university,Universidad Hispanoamericana
Hunter A.,university,Tianjin University of Technology
Bahari M.,university,Wichita State University
Greenwood J.R.,university,University of the South Pacific
Heiner B.K.,company,Sourceress
Hovanski Y.,university,University of South Carolina - Beaufort
Wood C.M.,company,Sourceress
Sharp N.,company,MyFitnessPal
Davis A.,university,Tianjin University of Technology
Lewis R.V.,university,University of Engineering and Technology Lahore
Smith D.O.,university,Norwegian University of Sport and Physical Education
Raynal J.,university,University Centre of the Westfjords
Stapleton T.,company,Matter
Tamini A.,company,RGA Associates
O'Neill M.,university,"University of California, Riverside"
Dickinson L.,company,Taos
Xu Y.,company,thredUP
Thomas Farrar J.,company,Zerodown
Aghito M.,university,Kigali Independent University
Larsen J.L.,university,Università Pontifcia Salesiana
Park J.L.,company,Remind
Shao L.,university,Hoseo University
Davis R.C.,company,Naytev
Comer D.J.,university,Ecole Polytechnique
Wu R.,company,Xilinx
Galan A.M.,university,St. Petersburg State University of Civil Aviation
Ashe J.,university,University of Nicosia
Campbell K.S.,university,Ufuk University
Red E.,university,Universitas Negeri Surabaya
Teramoto S.,university,National College of Naturopathic Medicine
Le Bas P.-Y.,university,Shandong Medical University
Sadler A.L.,university,Fachhochschule Dortmund
Fauster E.,company,WanderJaunt
Reichman B.O.,university,Dagestan State University
Hazarika H.,university,Central Michigan University
Broderick G.,company,Tally
Han H.N.,university,Universidad Privada Los Andes
McDonald-Mcginn D.,university,Louisiana Baptist University
Red W.E.,university,University of Medicine Magway
Elmqvist N.,university,Freie Universität Berlin
Stoddard A.,company,Betterworks
Myers S.J.,company,Yammer
Kochenderfer M.J.,university,Beni Suef University
Jones K.N.,university,Charles University Prague
Jafek A.,university,National Hsin-Chu Teachers College
Stanley Fujimoto M.,university,Pawel Wlodkowic University College in Plock
Baktur R.,company,AlienVault
Pettingill D.,university,University of Goroka
Mavrogordato M.N.,university,Al-Quds University - The Arab University in Jerusalem
Lu W.,university,Charles University Prague
Sen U.,company,Skillz
Schlegel C.,university,Kagawa Medical School
Jensen J.L.,university,Institut Catholique de Paris
de Moura Oliveira P.B.,company,Flexport
Micah Downing J.,university,Heritage College
Hosler T.,company,RGA Associates
Barton T.J.,company,Matter
Bruening D.,company,Nerd Wallet
Sowards J.B.,company,McKesson
Summa D.A.,company,Shipt
Dittmann J.,company,Woebot Labs
Wanik D.,company,Stitch Labs
Christensen W.F.,company,Convex
Christensen J.B.,university,Varna Free University
Grishaev V.,company,Bugsnag
Lopez J.S.,company,TrustArc
Eggett D.L.,university,University of Engineering and Technology Lahore
Transtrum M.K.,company,Vero
Allen B.L.,company,WanderJaunt
Weber K.S.,university,Stockholm School of Economics
Amini E.,company,Everlaw
Hayden S.,university,Al Muthanna University
Starick T.,university,West Pomeranian Business School in Szczecin
Sheffield J.,university,Heritage College
King R.,company,Grand Rounds
Pierce J.,university,Northwest Christian College
Koehler R.,university,"University of Eastern Africa, Baraton"
Stuedlein A.,university,University Centre of the Westfjords
Bucki R.,university,University of the Sunshine Coast
Bates C.O.,company,Twitch
Putney L.G.,company,Urban Airship
Roshi D.A.,company,Layer
Peatross J.,university,University of Trieste
Pollard T.,company,Wheelwell
Shen C.,university,Central Michigan University
Nevers D.R.,company,Robert Half
Tippmann J.D.,company,Outlier AI
Ellingson J.,company,Taos
Hedengren J.D.,university,Asa University Bangladesh
Adams B.R.,company,Codi
Caglar B.,company,Teamable
Durfee D.S.,company,MitchelLake Group
Cannon M.J.,university,SASTRA Deemed University
Noyce S.G.,company,Intelliswift
Ruchti T.,company,Indeed
Allen D.,company,Verkada
Schultz S.M.,company,ClearBrain
Zhao D.,university,The Juilliard School
Awerkamp P.,university,National Hsin-Chu Teachers College
Morgan D.C.,company,Stitch Labs
Hughes A.,company,SignalFx
Mincigrucci R.,company,Landor
Beard R.,university,Eastern Conservatory of Music
Bickerton S.,company,Wheelwell
Chetty V.,university,Institut Catholique de Paris
Snell Q.,university,Kigali Independent University
Saito M.,company,Y Combinator SF
Slezak T.J.,university,Norwegian University of Science and Technology
Linford M.R.,company,ShopPad
Kuan Y.-C.,company,Radical Designs
Gibby W.,university,Eastern College
Loney D.A.,company,Auth0
Ziegmann G.,university,University Tun Abdul Razak
Hawkins A.,university,Universitas Negeri Surabaya
West R.A.,company,AMD
Girod H.,company,Disqus
Boekweg E.,company,Avast
Kale V.,university,Morehead State University
Hoagland D.,university,Kosin University
Iverson B.D.,university,Universidade Braz Cubas
Morán J.,company,Gainsight
Maestre J.,university,Jamia Hamdard University
Memmott M.J.,university,Universidad de Deusto
Long E.A.,university,Morehead State University
Siebert J.,university,Awadhesh Pratap Singh University
Stevens M.D.,university,Heritage College
Park J.-W.,university,Charles University Prague
Canizales K.A.,company,Bebo
Saquib M.,company,Rockbot
Childs C.,university,"Preston University, Pakistan Campus"
Elston E.,university,Tiraspol State University
Kim C.,university,St. Petersburg State University of Technology and Design
Wilton S.J.E.,company,Allbirds
Magleby S.,university,Kasetsart University
Leslie Youd T.,company,Sparkcentral
Li Y.,university,Al Muthanna University
Dykes K.,university,University of West Los Angeles
O’Toole N.,company,Quantcast
Fung R.,university,University of the Faroe Islands
Hajimirzaie S.M.,university,University of the Sunshine Coast
Trapuzzano M.,university,Berne University
Rajnarayan D.,university,Beni Suef University
Liu R.,company,Five9
Richardson M.,university,Fachhochschule Erfurt
Knight C.J.,company,Sparkcentral
Jolly S.,university,Veterinärmedizinische Universität Wien
Nuttall J.R.,company,Kong
Paré P.E.,company,Sibly
Nash R.,company,Landor
Yuksel M.C.,company,Postmates
Bergen B.K.,company,Insight Global
Pfau K.H.,company,Disqus
Pedersen A.,university,Tiraspol State University
Lystrup C.,company,Slalom Consulting
Evans W.,university,Tokiwa University
Whitehead N.,company,BlueCrew
Barter M.,company,Stitch Labs
Nelson T.G.,university,University of the Faroe Islands
Kumar A.,university,Awadhesh Pratap Singh University
Danzi M.,university,University of Macedonia
Shumway S.B.,company,ColorTokens
Davis H.C.,university,Devi Ahilya University of Indore
Crane N.,university,Tokyo Denki University
Tikare V.,university,University of South Carolina - Beaufort
Howell B.F.,university,Kasetsart University
George A.R.,university,California University of Pennsylvania
McCown A.S.,university,Shahrood University of Technology
Wang X.,company,Adobe
Barnwell N.V.,university,Ahi Evran University
Vosughi A.,company,Clover Health
Cheung K.-M.,university,"University for Information Science and Technology  ""St. Paul The Apostle"" "
Alanoly J.,university,Kagawa Medical School
Choi G.,company,Leap Motion
Monson T.,company,Linqia
Shayegan J.,university,Northwest Christian College
Pingel N.,company,Nerd Wallet
Caglar H.,university,Masdar University Of Science And Technology
Ziegenfuss D.H.,university,Belarussian State Pedagogical University M. Tanka
Xiao M.,company,Shipt
Fronk C.A.,company,Narvar
Henrie A.,university,Kasetsart University
Smith D.,university,Belarussian State Pedagogical University M. Tanka
Butler J.J.,company,SpotX
Brower D.,university,Jerash Private University
Munro T.,company,GoodData
Richards A.P.,university,East Central University
Kim D.,university,Southern Arkansas University
Wheeler D.,university,Shanghai University of Finance and Economics
Palomba E.,university,Fachhochschule des Mittelstandes (FHM)
Hsu C.-W.,company,Kentik
Bair J.L.,university,Tennessee Temple University
Reynolds P.,university,Faisalabad Institute of Textile and Fashion Design
Svenda V.,university,Asa University Bangladesh
Daly E.,university,Academia Nacional Superior de Orquesta
Browning J.S.,university,University of Trieste
Woodfield B.F.,university,Eastern College
Sardar S.,company,Invoice2go
Harrisony W.K.,university,Stockholm School of Economics
Frost C.,company,Cadence Design Systems
Homer E.R.,university,School of Design and Crafts
Jung J.M.,company,Adobe
Day R.D.,university,National University of Lesotho
Oevermann M.,company,Odopod
Robles V.D.,university,SASTRA Deemed University
Jin L.,university,Institut Catholique de Paris
Knezevic M.,company,Indeed
Wood R.L.,company,WorkBoard
Cowger A.E.,company,Slashdot Media
Boster K.,company,GoodData
Schwicht D.E.W.,university,Academia Nacional Superior de Orquesta
Rasmussen S.,company,Evernote
Wright G.,company,OpenDNS
Pedersoli E.,university,Universidad de Los Llanos
Angeles A.,university,University Tun Abdul Razak
Fletcher T.,company,C3
Black R.A.,university,Kasetsart University
Nelson J.A.D.,company,Imgur
Bove V.M.,university,Central Michigan University
Chrisey L.A.,company,Slalom Consulting
Poon T.C.,company,Dover
Lazarz J.,company,Y Combinator SF
Jones B.L.,company,Stripe
Yong A.,university,"Islamic Azad University, Janah"
Sulik M.,university,Kansai University of Social Welfare
Martens D.R.W.,university,National University of Lesotho
Liu Y.,company,Indeed
Mathies R.A.,university,Tianjin University of Technology
Schnepf P.D.,university,Engineering College of Copenhagen
Sims G.,university,"University of Eastern Africa, Baraton"
McCracken S.L.,university,Tokiwa University
Millard J.D.,university,Jawaharlal Nehru Technological University
Andersson K.,company,Nerd Wallet
Salmon J.,company,Practice Fusion
Vera-Grunauer X.,university,Ecole Supérieure de Commerce de Le Havre/Caen
Lee K.-J.,company,Convex
Howe L.,company,Verkada
Anderson B.E.,company,Cadence Design Systems
Thameem M.,company,Human Interest
Adidharma H.,company,Oracle
Simon B.,company,Postmates
Horne R.R.,university,University of Kansas
Pinto T.,company,Braintree
Hansen L.T.,university,University of Science and Technology
Neff C.,company,GoodData
Yu L.,company,Aktana
Candia G.,company,Opendoor
Bird E.T.,university,East Central University
Petrie A.,company,Qwilt
Stewart E.,company,Oracle
Harrison W.,university,London Business School
Lunine J.,university,International Institute for Population Sciences
Huang J.-S.,university,University of Macedonia
Taylor E.,university,University of West Los Angeles
Das S.K.,university,Wichita State University
Clayburn Z.,university,Jinan University
Ong J.,company,FinancialForce
Grames C.,university,"Universidad de Puerto Rico, Rio Pedras"
Villamizar V.,company,Flipboard
Foglia L.,university,Academy of Management and Entrepreneurship
Barber J.L.,company,Disqus
Wendt J.O.L.,university,Universidad de Deusto
Xu B.,university,Kagawa Medical School
Shayer Z.,company,Logikcull
Camacho J.S.,company,Nexus Venture Partners
Carter V.,university,Universidad Privada Los Andes
Akagi J.,university,Eastern College
Janion M.,university,Awadhesh Pratap Singh University
Teichert L.,university,Fachhochschule Dortmund
Wall A.T.,university,Charles University Prague
Kvavle J.,company,Urban Airship
Bannister M.T.,university,New England College
Parent J.R.,company,Flexport
Thomson S.L.,company,Taos
Platt B.C.,company,Horizons School of Technology
Nabulsi N.,university,East Central University
Mahmood A.,university,Beijing Union University
Fish D.,university,Carlow College
Lytle J.,university,National University of Lesotho
Fagergren F.,university,Ecole Supérieure de Commerce de Le Havre/Caen
Shah D.,company,Always Hired
Sorensen S.T.,company,Periscope Data
Salvatierra G.,company,MyFitnessPal
Erickson H.C.,university,St. Petersburg State University of Civil Aviation
Bjørkevoll K.,company,Mission Lane
Gneiting S.,company,Horizons School of Technology
Laney J.,company,Horizons School of Technology
Erickson S.D.,university,Universidad Autónoma de Veracruz Villa Rica
Trebino R.,company,Quantcast
Kinzer-Ursem T.L.,company,IBM
Hedges D.M.,company,Bebo
Layton K.,company,Court Buddy
Takeuchi I.,university,Chiba University
Thurlow C.A.,university,National University of Lesotho
Weidman J.,university,University Centre of the Westfjords
Chee P.W.,company,McKesson
Potts D.,company,Grand Rounds
Bryden K.M.,university,Lamar University
Zumbrun K.,company,Gainsight
Mascareñas D.D.L.,company,Jobspring Partners
Rich P.J.,university,The College of New Jersey
Le K.,university,Kwara State Polytecnic
DeYoung J.,university,Central Michigan University
Kamps O.,university,Kasetsart University
Kramer I.,university,Shahrood University of Technology
Richey M.,company,TalentSeer
Momtahan N.,university,Shahrood University of Technology
Lemmon J.P.,university,International College of the Cayman Islands
Aryal B.R.,university,"Preston University, Pakistan Campus"
Dittemore G.,university,University of Aleppo
Galligan C.,university,Columbia International University
Arce S.,university,Lutheran School Of Theology In Aarhus
Gao H.,company,Clover Health
Fistler M.,university,University of South Carolina - Beaufort
Webb D.,university,Universidade para o Desenvolvimento do Alto Vale do Itajaí
Yu H.,company,Yammer
Taus M.,university,"Russian Customs Academy, Vladivostok Branch"
Radzinski T.,company,Grand Rounds Inc.
Hodge D.,company,Court Buddy
Sorensen C.D.,company,UserTesting
Mosavi H.,company,Clover Network
Stevens K.,company,Invoice2go
Sommerfeldt S.D.,company,Evernote
Adamson M.,university,Dallas Christian College
Bathe M.,university,Kasetsart University
Suvorov A.,company,Scalable Press
Kleinbaum S.,university,Central Michigan University
Seymour K.,university,Lamar University
Kim J.-R.,company,Always Hired
Kang C.K.,university,Kigali Independent University
Temple K.,university,Fachhochschule Erfurt
Dashti S.,university,Al-Quds University - The Arab University in Jerusalem
Hendershot T.,company,Rigetti Computing
Pallares J.,company,Yammer
Harrington M.,company,AMD
Pielstick B.D.,university,East Central University
Sun D.,university,Gifu University
Campbell B.J.,university,Kwara State Polytecnic
Kraus D.,university,Lutheran School Of Theology In Aarhus
Brodzik M.J.,company,Triplebyte
Peterson M.W.,university,Jinan University
Ruokolainen R.,company,Mynd
Megaridis C.M.,university,Fachhochschule des Mittelstandes (FHM)
Webber T.,university,Odense University
Merrell J.,company,McKesson
Aarsnes U.J.,company,Cadence Design Systems
Petersen M.,university,Hoseo University
Ma F.,university,Berne University
Gatrell C.,university,Southeastern University
Kerstein A.R.,company,Human Interest
Robison R.,company,Crowdcast
Carpenter J.P.,company,Twitch
Cook A.D.,company,AMD
Ploeg S.,university,Astrahan State Technical University
Woolsey C.A.,university,Central Michigan University
Ventra D.,company,Layer
Hamblin M.,university,Liaoning Technical University
Gibson G.E.,university,London Business School
Duffy-Deno C.A.,company,Terminus Software
Woolley A.T.,company,Clever
Chiang S.-H.W.,company,Dover
Morales-Velez A.C.,university,Awadhesh Pratap Singh University
Ware M.,company,WorkPatterns
Lunt B.M.,university,University Centre of the Westfjords
George J.,university,Stockholm School of Economics
Budd R.,company,TalentSeer
Lyon D.J.,company,Dover
Sandberg R.L.,company,Shipt
Roalf D.,university,Ivanovo State Power University
Mattson C.,university,Hiroshima Women's University
Linn J.,company,Clover Network
Jafek B.,university,Universitas Komputer Indonesia
Soini A.-J.,university,Kigali Independent University
Watts-Englert J.,company,Twitch
Averett T.,company,Zero Financial
Arashida Y.,company,Slalom Consulting
Roy S.,university,Odense University
Patel D.I.,university,Wichita State University
Misha R.,university,University of the Sunshine Coast
Okeson T.J.,university,Gustav-Siewerth-Akademie
Kates W.R.,university,University of Rousse
Sherrod V.,university,Jerash Private University
Francom D.,company,Bugsnag
Yellowhorse A.,university,Jawaharlal Nehru Technological University
Zhang Y.,university,Odense University
Lewis R.S.,university,University of Arkansas for Medical Sciences
Mudunuru M.,university,Fachhochschule Osnabrück
Hope S.,company,TechSoup
Lyng G.,company,Imgur
Jensen R.R.,university,Vietnam Maritime University
Moore B.A.,company,NinjaRMM
Besendorfer J.,company,SpotX
Sadler J.,university,Al-Quds University - The Arab University in Jerusalem
Wirthlin M.,company,npm Inc
Louis-Kayen G.P.,company,MitchelLake Group
Walker W.C.,company,Figure Eight
Kincaid C.J.,company,npm Inc
Corves B.,company,Mission Lane
Weaver J.L.,company,BabyCenter
Blotter J.D.,university,"Troy University, Dothan"
Smith A.,company,Tophatter
Calvopiña D.G.,university,Polish Open University in Warsaw (WSZ/POU)
Lovasz E.-C.,company,Bayside Solutions
Nir T.,company,Postmates
Warnick S.,university,Southeastern University
Krutka D.G.,company,Verkada
Huffaker R.,company,Xilinx
Bush W.S.,university,London Business School
Chiang S.W.,company,Bebo
Hart G.L.W.,university,Università Pontifcia Salesiana
Gomez H.,university,University of Medicine Magway
Perrinsy E.,company,Synchrony
Bean M.,company,Adobe
Gruwell A.,university,Universitas Komputer Indonesia
Howell L.,university,Jiangsu University of Science and Technology
Bush D.B.,university,Université des Sciences et de la Technologie Houari Boumediène
Gomes M.,company,Invoice2go
Williams D.F.,company,Odopod
Ford H.,university,National University of Lesotho
Trilling D.E.,company,ClearBrain
Brown D.M.,university,Southeastern University
Coelho F.,university,Western State College
Noronha D.H.,company,Leap Motion
Heath D.,university,California University of Pennsylvania
Bowman E.,company,Yahoo
Perrins E.,company,Convex
Campbell B.,university,"University of California, Riverside"
Reynolds P.R.,company,MyFitnessPal
Thomas J.J.,company,Terminus Software
Thomas D.C.,company,Intelliswift
Thompson S.K.,company,Sofinnova Ventures
Boyce P.,university,Beni Suef University
Sutton M.,university,Kyunghee University
Aktas A.,company,Aktana
Mascarenas D.,company,CipherCloud
Zunino J.L.,university,Ufuk University
Stromberg L.R.,company,ColorTokens
Rodriguez E.S.,university,California School of Professional Psychology - San Diego
Naidoo J.S.,company,Nerd Wallet
Das S.R.,university,Universidad Autónoma de Veracruz Villa Rica
Vaziripour E.,university,University of Medicine Magway
Gardiner C.,university,University of Goroka
Carr A.,university,Huaihai Institute of Technology
Copley D.C.,university,Fachhochschule Dortmund
Balijepalli S.K.,university,Avicenna International College
Roman-de la Sancha A.,company,FinancialForce
Prince D.,company,Taos
Hackney D.,university,Linguistic University of Nizhny Novgorod
Retherford J.,company,SV Angel
Yang Z.,company,Sofinnova Ventures
Hurd R.C.,university,London Business School
Maccarty N.A.,company,Capital One
Hurst W.,university,Astrahan State Technical University
Seegmiller R.E.,company,reputation.com
Alcock C.,university,Astrahan State Technical University
Pixton D.,university,"Music Academy ""Stanislaw Moniuszko"" in Gdansk"
Frank I.W.,company,Y Combinator SF
Frezza S.T.,university,Catholic University of Eastern Africa
Kelley M.S.P.,company,Intuit
Wilding P.R.,company,Teamable
Chen H.,university,Kyushu Sangyo University
Peterson C.,university,City University Programs in Bulgaria 
Akay M.F.,university,Sultan Azlan Shah Polytechnic 
Steffensen S.C.,university,Benemerita Universidad Autónoma de Puebla
Ames D.C.,company,Crowdcast
Milam S.N.,university,Kosin University
Cheng L.,company,Copper
Bronson P.G.,company,WanderJaunt
Glaab L.J.,company,Slalom Consulting
Alfson K.J.,company,Everlaw
Hughes T.J.R.,company,Sibly
Carilho M.,university,Mount Senario College
Pearce W.,company,Highland Capital Partners
Hopkins E.,company,Five9
Fanning D.T.,university,Kasetsart University
Wynn J.S.,university,Columbia International University
Walker Z.,university,Jamia Hamdard University
Zephirin T.,company,Alation
Seppi K.,company,Matter
Mayoral J.M.,university,Charles University Prague
Giraud-Carrier C.,university,Engineering College of Copenhagen
Seat M.L.,university,Universidad de Los Llanos
Eixenberger J.G.,company,Slashdot Media
Peters W.,university,Fondation Universitaire Luxembourgeoise
Fleming P.,university,"Islamic Azad University, Janah"
Schubnel R.,university,Ecole de l'Air
Parsekian G.A.,university,Odense University
Upadyay P.,company,Sift Science
Howland S.,company,Everlaw
Amin M.N.,university,St. Petersburg State University of Technology and Design
Thomas M.,university,Lutheran School Of Theology In Aarhus
Garcia E.,university,Universidad Privada Abierta Latinoamericana
Glorieux C.,university,Carlow College
James B.,company,Allbirds
Newcomb J.E.,company,Yammer
Dearden J.,company,Kong
Seaman C.H.,company,Figure Eight
Ali M.A.,university,Jinan University
Glyn-Jones S.,university,Kyunghee University
Stasak D.,university,Charleston Southern University
Stitt K.,university,Universitas Komputer Indonesia
Chahal J.S.,university,Hiroshima Women's University
Senadjki A.,university,University of West Los Angeles
Swift G.,company,Quantcast
Malmberg M.A.,university,Universitas Komputer Indonesia
Snow D.,university,Shandong Medical University
Wilson A.T.,university,School of Design and Crafts
Kück K.,company,Synchrony
Sun X.,university,University of Science and Technology
Chelladurai I.,company,Cadence Design Systems
Katayama I.,company,Philo
Sarić A.A.,university,University of the Faroe Islands
Bentley N.L.,university,Carlow College
Moon B.G.,university,Shahrood University of Technology
Gallacher J.,university,Central Michigan University
Jackson E.W.,university,Liaoning Technical University
Jorgensen J.J.,company,Karuna Health
Roberts A.K.,company,Logikcull
Howell B.,university,Muskingum College
Ragozzine D.,university,Jerash Private University
Willis J.,company,Teamable
Steven Turley R.,university,Universiti Pendidikan Sultan Idris
Yang X.,university,"Universidad de Puerto Rico, Rio Pedras"
Patterson C.,university,Jinan University
Fernandez D.,company,Indiegogo
Correia N.,company,WorkPatterns
Jenkins J.L.,university,California School of Professional Psychology - San Diego
Phipps E.R.,company,MitchelLake Group
Wright G.A.,university,Universidad Privada Abierta Latinoamericana
Peters K.,university,Gustav-Siewerth-Akademie
Bourassa M.,university,University Centre of the Westfjords
Havinga P.J.M.,company,Yammer
Bybee S.M.,company,SignalFx
Custer C.H.,university,The Superior College 
Eves K.,company,Lookout
Howard D.,company,Periscope Data
Murphy D.,company,Goodby Silverstein & Partners
Lyman C.A.,company,Qwilt
Quinn H.,company,Yammer
Hansen K.R.,company,Lookout
Rhodes J.D.,company,Convex
Archibald J.L.,university,Universitas Nasional Jakarta
Van Ry P.M.,company,Aktana
Afran M.S.,university,Universidade Braz Cubas
Clavijo C.E.,company,Mynd
Fuentes D.S.,university,"Troy University, Dothan"
Schledjewski R.,company,Gainsight
Russell C.S.,company,Karuna Health
Warner W.Y.,university,West Pomeranian Business School in Szczecin
Prestage R.M.,company,Dover
Thompson R.,university,Ahi Evran University
Buck D.,university,Ahi Evran University
Jain P.,company,Columbus Nova
Harb J.N.,university,Pedagogical University of Zielona Gora
Hooper K.,company,Kyokan
Eargle D.,company,Canopy Health
Bodily P.,company,Slalom Consulting
Walton P.,university,Universidad Privada Los Andes
Hamilton E.S.,company,Always Hired
Freeman C.J.,university,National University of Lesotho
Hedengren J.,university,Fondation Universitaire Luxembourgeoise
Bunnell S.,company,Outreach
Wikle J.K.,company,Kentik
Hopman A.,university,Benemerita Universidad Autónoma de Puebla
Coombs D.,university,Kigali Independent University
Wu F.,university,Shahrood University of Technology
Navrotsky A.,company,Glassdoor
Jensen C.,company,SpotX
Tracy J.B.,university,Chiba University
Kern E.,university,University of Debrecen 
Williams J.L.,company,Bayside Solutions
Capotondi F.,company,The Athletic
Shelley M.,company,Tophatter
Shrager A.,university,Jinan University
Anagnostou E.N.,university,University of the Faroe Islands
Gibbons J.D.,university,International Institute for Population Sciences
Egbert S.C.,university,University of Arkansas for Medical Sciences
Hales Swift S.,university,National Hsin-Chu Teachers College
Mohamad G.,university,University of Texas at San Antonio
Small K.A.,university,Southern Arkansas University
Schultz G.G.,company,The Sourcery
Forcade R.W.,university,University of Goroka
Schrand A.,university,Kwara State Polytecnic
Rozsa J.,university,Universidad Privada Los Andes
Knight M.M.,university,Windsor University School of Medicine
Mardkhe M.K.,university,Pedagogical University of Zielona Gora
Simmons M.,university,California School of Professional Psychology - San Diego
Perdue T.,company,UserTesting
Colton M.B.,company,Adobe
Wilcox E.,university,Fondation Universitaire Luxembourgeoise
Prawitt D.G.,university,London Business School
Schinn S.-M.,university,Musashi University
Horak P.,company,reputation.com
Nelson M.C.,company,Cadence Design Systems
Bodily R.,university,University of Veterinary & Animal Science
Park J.,company,The Trade Desk
Romero M.,university,El Shorouk Academy
Robinson D.R.,university,"University for Information Science and Technology  ""St. Paul The Apostle"" "
Tate Fanning D.,company,GoodData
Hirschi E.,company,8tracks
Robinson W.,company,Disqus
Hogstrom C.,university,Jamia Hamdard University
Blonquist J.,company,The Trade Desk
Emanuel B.,university,University of Arkansas for Medical Sciences
Rendon G.T.,company,Flexport
Allen G.N.,company,Gigya
Zacheu G.,university,Arthur C Clarke Institute of Modern Technologies
Halverson D.M.,company,Woebot Labs
Sidhar H.,university,College of DuPage
Burdette M.J.,company,Always Hired
Hunter J.G.,university,"National Institute of Technology, Jamshedpur"
Powell K.M.,company,Credit Karma
Goodrich M.A.,company,Clever
Cluff S.,company,Robert Half
Patala S.,company,WanderJaunt
Jensen C.G.,company,Gainsight
Meratnia N.,university,Berne University
Saftner D.A.,university,Windsor University School of Medicine
Read M.,company,Disqus
Berselli G.,company,Glassdoor
Sozer E.M.,company,Grand Rounds
Wang Y.,university,Kazak American University
Wade B.S.C.,university,Hiroshima Women's University
Perry S.B.,university,Chinese Culture University
Ignaut B.,university,Engineering College of Copenhagen
Okamoto K.,university,Belarussian State Pedagogical University M. Tanka
Ng Y.-K.,company,MessageBird
Wilkerson J.W.,university,Université des Sciences et de la Technologie Houari Boumediène
Pevey K.C.,university,California School of Professional Psychology - San Diego
Miles M.P.,company,Seismic
Parr R.,university,Universidad Católica Anselmo Llorente
Rosen P.F.,university,Tokushima University
Moss C.D.,company,Gemini
Schmitt J.E.,university,Universidad Autónoma de Veracruz Villa Rica
Taylor A.,university,University of Debrecen 
Hershman R.,university,El Shorouk Academy
Daniluk T.,company,Triplebyte
Gong H.,university,Polish Open University in Warsaw (WSZ/POU)
Fletcher M.,university,College of DuPage
Klein M.,university,Varna Free University
Moss N.D.,company,Evernote
Fonseca F.,university,Universidad Hispanoamericana
Granelli F.,university,Al Muthanna University
Landers N.,company,Periscope Data
Citterio M.,university,Charles University Prague
Bolme D.,university,Faisalabad Institute of Textile and Fashion Design
Reynolds J.,university,"University for Information Science and Technology  ""St. Paul The Apostle"" "
Bresciano K.A.,university,Louisiana Baptist University
Allen T.D.,company,Glassdoor
Pigg A.C.,university,University of Aleppo
Doherty J.,company,Always Hired
Fletcher M.E.,university,Chiba University
Tate D.F.,company,GoodData
Maynes D.R.,university,Windsor University School of Medicine
Warr R.,company,thredUP
Ravert J.,company,CipherCloud
Lingwall B.N.,university,Muskingum College
Pisano D.J.,company,Terminus Software
Zappala D.,company,Synchrony
Miao X.,university,East Central University
Brodie M.,university,Stockholm School of Economics
Spendlove B.,university,Polish Open University in Warsaw (WSZ/POU)
Gou Y.,university,St. Petersburg State University of Technology and Design
Claussen S.,company,Slalom Consulting
Ogles B.,university,Nara Medical University
Anderson C.M.,company,Cadence Design Systems
Dromey C.,company,Brightpearl
Gossett E.,university,Carlow College
Bunker D.,company,Makena Capital Management
Asmar M.E.,company,AgilOne
Zhirnov V.V.,university,California School of Professional Psychology - San Diego
Rose M.T.,company,Hewlett Packard
Barrett L.K.,company,Evernote
May D.,company,GoodData
Bender C.,company,Kong
Error B.M.,university,"Music Academy ""Stanislaw Moniuszko"" in Gdansk"
Chen J.,university,"Universidad de Puerto Rico, Rio Pedras"
Ziaee M.,company,AlienVault
Raikes A.C.,company,BabyCenter
Kunzler J.W.,company,Credit Karma
DeMott R.,university,University of West Los Angeles
Rawlings L.,company,BloomThat
Shi Y.,company,Codexis
Bai H.,university,Universitas Komputer Indonesia
MacKay R.J.,university,Dallas Christian College
Sargent B.S.,company,Linqia
Petersen S.L.,university,University of Trieste
Lund J.,company,Ridecell
Cockrell J.,university,Awadhesh Pratap Singh University
Ames D.P.,university,Fachhochschule Osnabrück
Tang H.H.,company,Makena Capital Management
Hutchinson T.,university,University of the South Pacific
Aldous P.,company,Stripe
Campbell A.,company,Storenvy
Keller A.,company,Xilinx
Brueseke M.,university,"Music Academy ""Stanislaw Moniuszko"" in Gdansk"
Von Moll A.,company,Allbirds
Franke T.K.,university,University of South Carolina - Beaufort
Cao J.,university,Ahi Evran University
Scott E.,university,Veterinärmedizinische Universität Wien
Colton J.S.,university,Soka University
Parness A.,company,BabyCenter
Allen T.F.,university,Universitas Negeri Surabaya
Mitschang P.,university,Université du Sahel
Harker B.M.,company,Jobspring Partners
Banik J.A.,university,University of West Los Angeles
Baxter L.L.,company,Cadence Design Systems
Shahgholian H.,company,Mattermost
Ruzindana M.,university,University of South Carolina - Beaufort
Russell B.D.,company,Gemini
Buie M.W.,university,Northwest Christian College
Freedman D.,university,Ecole Supérieure de Commerce de Le Havre/Caen
Armstrong A.G.,university,Liaoning Technical University
Chalfant T.,company,TrustArc
Emerson P.,university,Tianjin University of Technology
Tew K.,company,Periscope Data
Yan K.,university,Institut Catholique de Paris
Searle H.,company,Storenvy
Santos-Villalobos H.,company,8tracks
Childs B.R.,company,Yammer
Willett S.G.,university,Okayama University of Science
Nybø R.,university,Varna Free University
Ganguly R.,company,Shipt
Chen C.-H.,university,Ufuk University
Jacobsen A.J.,university,Universidade Braz Cubas
Ozcelik D.,university,Devi Ahilya University of Indore
Parate K.,company,Codi
Schroedter T.L.,company,Clover Health
Soltani M.,university,Rogers State University
Vermeltfoort A.T.,company,The Athletic
Claussen J.C.,company,FreeWire Technologies
Stringer B.J.,company,99designs
Youd T.L.,company,GitLab
Swift S.H.,university,Norwegian University of Science and Technology
Kim K.M.,university,Freie Universität Berlin
Zamora M.A.,company,Karuna Health
Ellingson G.,company,MessageBird
Baxter A.,company,Codi
Stubbs C.J.,university,Kosin University
Shumway D.,company,BabyCenter
Collins D.H.,university,Tokiwa University
Oldroyd J.,university,State Maritine Academy
Johnson J.,university,Southern Arkansas University
Wang C.-M.,company,Clever
Hodges G.T.,company,Gigya
Passey D.J.,university,"Music Academy ""Stanislaw Moniuszko"" in Gdansk"
Barker E.I.,university,Moscow State Industrial University
Roeder B.,university,Southern Arkansas University
Gallant N.D.,university,Universitas Negeri Surabaya
Sanchez D.,company,Gumroad
Goates C.B.,university,Universidad de Deusto
Chen G.-M.,company,Always Hired
Umer R.,company,Matter
Das H.,university,Morehead State University
King M.,company,Bugsnag
Eggett D.,university,Kwara State Polytecnic
Ching C.R.K.,company,Yammer
Steiner S.H.,company,Betterworks
Reese C.S.,university,Universitas Nasional Jakarta
Buck D.C.,university,SASTRA Deemed University
Tolman K.,company,Kentik
Luc-Harkey B.A.,company,Leetcode
Qiu L.,company,BloomThat
Adams D.W.,company,Landor
Wilson B.,university,Western State College
Hurley D.,company,TalentSeer
Zeng M.,company,General Assembly
Stephens A.R.,university,Kwara State Polytecnic
Fang S.,university,Carlow College
Parish W.,company,Tempo Automation
Wall S.,company,Odopod
Gorrell S.E.,company,Verkada
Jüttler B.,company,Leetcode
Leto A.,company,Grand Rounds Inc.
Grimsman D.,university,The Juilliard School
Jiang Y.,company,Narvar
Casbeer D.W.,company,Storenvy
Hardersen P.S.,company,Allbirds
Gregg J.F.,university,"University of California, Riverside"
Bowden A.,company,Oracle
Camacho R.,company,CipherCloud
Mancini S.,company,Logikcull
Oh S.K.,university,Engineering College of Copenhagen
Oesterle B.,company,Sofinnova Ventures
Allred D.,university,University of West Los Angeles
Fronk T.,company,Kabam
Peterson J.R.,university,University of Nicosia
Renouard J.,university,Lamar University
Cathey C.,university,University of Trieste
Sachdev A.,company,Stripe
Dankers A.,company,Yammer
Puleo C.,university,"DeVry Institute of Technology, Pomona"
Tolman S.S.,university,University of Goroka
Unnikrishnan V.,university,University of South Carolina - Beaufort
Howland S.M.J.,company,Mynd
Baer D.R.,university,Universidad Católica Anselmo Llorente
Knotts T.A.,company,Karuna Health
Vanfleet R.,university,Chinese Culture University
André F.,university,Technische Universität München
Goettel C.,company,Adecco Group
Jamal A.-S.,company,Sibly
Lawson J.,university,International Institute for Population Sciences
Jalbrzikowski M.,company,FinancialForce
Stevens K.A.,university,Université Senghor d'Alexandrie
Mehta A.,university,Ivanovo State Power University
Hewson J.C.,company,FreeWire Technologies
Chang D.K.,company,Outreach
Hollenbeck M.,company,Nerd Wallet
Wall T.A.,university,Dallas Christian College
Goodrich-Hunsaker N.J.,company,Adecco Group
Ripa B.,university,Devi Ahilya University of Indore
Duffield M.O.,university,Vietnam Maritime University
Abaimov S.,company,Canopy Health
Blackshaw R.E.,company,Intuit
Kirsch D.,company,Remind
Tolman S.,company,MetaVision
Killpack M.D.,company,Institutional Venture Partners
Wright L.B.,university,Jawaharlal Nehru Technological University
Hanson R.M.,university,Vietnam Maritime University
Simon A.A.,university,Shahrood University of Technology
Park D.,university,Sri Padmavati Women's University
Van Amelsvoort T.,university,Kwara State Polytecnic
Schuh C.A.,company,Qwilt
Calderon J.R.,company,Avast
Chanda A.,university,Nara Medical University
Zabriskie P.,university,"University of Eastern Africa, Baraton"
Doering C.R.,university,Charleston Southern University
Miao D.,university,Moscow State Industrial University
Ding S.,university,Universidade para o Desenvolvimento do Alto Vale do Itajaí
Jandron M.A.,university,Wichita State University
Loaiza J.,university,Instituto Mauá de Tecnologia
Koch D.P.,university,Ecole Supérieure de Commerce de Le Havre/Caen
Martínez A.,university,Institut Catholique de Paris
Dahlin E.C.,company,Clover Network
Mattson C.A.,company,Radical Designs
Wong R.,university,Charleston Southern University
Rodríguez E.,university,Southern Arkansas University
Toomey R.,company,Vero
Hawkins L.,company,IBM
Zhang X.,university,College of DuPage
Chou Y.,company,BetterUp
Coughlin D.R.,company,Sibly
Bundy B.C.,company,Yahoo
Wnorowska U.,university,New England College
Howell R.G.,company,Rockbot
Curtarolo S.,university,Western States Chiropractic College
Knobles D.P.,university,Central Michigan University
Sampad M.J.N.,university,Central Michigan University
Zhu B.,university,Louisiana Baptist University
Zhang W.,university,Odense University
Ross N.L.,university,Kyunghee University
Hotchkiss R.H.,company,McKesson
Lopes C.V.,university,Universidade Braz Cubas
Rodin G.J.,company,Codexis
McDonald S.J.,university,Norwegian University of Sport and Physical Education
Holtom J.,company,FreeWire Technologies
Parthiban V.,university,Musashi University
Hosemann P.,company,Codexis
Schmidt H.,university,Varna Free University
Neupane A.,company,Synchrony
Forsyth J.K.,university,Veterinärmedizinische Universität Wien
Hazen G.,company,Zero Financial
Oliveira P.M.,university,Arthur C Clarke Institute of Modern Technologies
Babaei A.,university,El Shorouk Academy
Nascimento M.R.,university,China Medical College
Larsen R.T.,company,Clover Network
Hoybjerg T.G.,university,Lutheran School Of Theology In Aarhus
Whitehead J.,university,West Pomeranian Business School in Szczecin
Hartman B.M.,company,Adobe
Hess B.C.,company,ClearBrain
Liu H.,company,BabyCenter
Cabas A.,company,Layer
Thompson P.M.,university,Fachhochschule Osnabrück
Scheibel R.S.,company,Bayside Solutions
Coburn J.Q.,university,"Preston University, Pakistan Campus"
Zhang M.,company,TrustArc
Xing C.,university,Charleston Southern University
Dallon E.,university,Moscow State Industrial University
Long D.,university,University of Veterinary & Animal Science
Gates N.S.,company,Hiretual
Dye S.,university,El Shorouk Academy
Hamada M.S.,university,International Institute for Population Sciences
Cunningham A.C.,company,SignalFx
Owens T.,company,ShopPad
Rybkowski Z.K.,university,Southern Arkansas University
Bopp D.G.,university,Al Muthanna University
Fortes E.S.,company,AgilOne
Stuber Geesey M.A.,university,Shanghai University of Finance and Economics
Fernquest S.,university,Al-Quds University - The Arab University in Jerusalem
Bekker B.,university,Universidad Autónoma de Veracruz Villa Rica
Gasem K.,university,Awadhesh Pratap Singh University
Chang M.-C.F.,university,Catholic University of Eastern Africa
Frustaci J.B.,company,Clover Network
Nysetvold T.B.,university,Kagawa Medical School
Manning A.D.,company,AgilOne
Baxter J.S.,university,Heritage College
Maynes D.,company,Equinix
Swift G.M.,company,Canopy Health
Calvin J.J.,company,IBM
Banesh D.,university,Ecole Supérieure de Commerce de Le Havre/Caen
Ni R.,university,University of Goroka
Astitha M.,company,Clover Health
Martineau A.,university,Soka University
Wald M.O.,university,Universidad de Deusto
Zheng S.,university,Kagawa Medical School
Zobell B.,company,McKesson
Anderson B.B.,company,MyFitnessPal
Chen K.,university,Shandong Medical University
Tueller J.A.,university,Rogers State University
Safdarnejad S.M.,company,Synchrony
Coffman R.A.,company,AspireIQ
Sarid G.,university,Benemerita Universidad Autónoma de Puebla
Danailov M.,company,The Athletic
Mazzeo B.A.,company,General Assembly
Wall T.,company,BetterUp
Shaikh M.T.,company,Stripe
Pears A.N.,company,WorkPatterns
Hartman B.,university,Kyoto Prefectural University of Medicine
Moffett T.,company,Sift Science
Francis B.,university,Tokyo Denki University
Alvarez E.J.,company,BrightTALK
Griffiths A.,company,Uber
Andersen J.,company,Lookout
Anderson R.,university,Arthur C Clarke Institute of Modern Technologies
Mehrnia M.R.,university,Vietnam Maritime University
Fulda N.,university,Tokyo Denki University
Liu Z.Y.-C.,company,Cadence Design Systems
Yan D.,company,Intelliswift
Moss H.,university,"Preston University, Pakistan Campus"
Crane N.B.,company,McKesson
Han J.,company,Columbus Nova
Badger P.,university,Asa University Bangladesh
Katz J.,company,Logikcull
Ermanni P.,university,Odense University
Srinivasan G.,university,Universidad de Los Llanos
Hepworth A.,university,Hiroshima Women's University
Gallacher J.R.,university,Hiroshima Women's University
Rossiter J.A.,university,Fachhochschule Erfurt
Rhamati M.,company,Twitch
Chelton D.,university,Morehead State University
Hasler E.,company,AMD
Rogers W.,university,Polish Open University in Warsaw (WSZ/POU)
Vallée T.,university,Tianjin University of Technology
Collins G.,university,Freie Kunst-Studienstätte Ottersberg
Brown O.,company,Leetcode
Ward C.J.,university,Shanghai University of Finance and Economics
Klimas N.G.,university,Windsor University School of Medicine
Bjoraker G.L.,company,Vineti
Farnham T.L.,university,Fachhochschule des Mittelstandes (FHM)
Wilding W.V.,company,Gumroad
McAlpin J.T.,company,Aktana
Olsen M.,university,"University of Eastern Africa, Baraton"
Ruoti C.,company,Kyokan
Sousa P.,company,ClearBrain
Chen X.,company,Invoice2go
Lee K.,university,Universidade Braz Cubas
Penaloza J.,company,Lookout
Dornisch W.,university,Muskingum College
Shumway L.,university,Catholic University of Eastern Africa
Heron M.L.,company,Codi
Schultz S.,university,Masdar University Of Science And Technology
Haskell M.,company,Lookout
Fernelius M.H.,university,St. Petersburg State University of Civil Aviation
York G.E.,company,Nexus Venture Partners
Forsgren B.,company,Tally
Patrick B.,company,Triplebyte
Sperry R.,university,Università Pontifcia Salesiana
Farnsworth M.S.,university,Norwegian University of Sport and Physical Education
Burnett M.,company,Logikcull
Stankovic A.M.,company,Twitch
Willey L.C.,company,Postmates
Westover T.R.,company,Samsara
Ghamkhar R.,company,Sparkcentral
Jackson J.S.,university,Stockholm School of Economics
Ogbeibu S.,university,"Russian Customs Academy, Vladivostok Branch"
Wilson A.E.,university,Ahi Evran University
Brushett F.R.,company,Twitch
Shishavan R.A.,company,Cloudera
Guillou J.,company,Human Interest
Tucker A.L.,company,Flipboard
Willits B.L.,company,Brightpearl
Bertrand R.,university,Fachhochschule Dortmund
Baumgarten T.E.,company,GitLab
Tuttle N.J.,university,Linguistic University of Nizhny Novgorod
Nussbaum J.,company,Canopy Health
Cosson B.,company,Glassdoor
Yayoglu Y.E.,company,Triplebyte
Norman K.,university,Ivanovo State Power University
Haghighipour N.,university,Central Michigan University
Nelsen B.W.,university,Katholisch-Theologische Privatuniversität Linz
George A.,university,Mount Senario College
Shumway S.,university,Soka University
Edward Gibson G.,company,Oracle
Shen T.-C.,university,New England College
Tuttle S.C.,company,AgilOne
Ba Q.,university,University of Engineering and Technology Lahore
Liotier P.-J.,company,AgilOne
Advani S.G.,company,Ridecell
Johnson B.I.,university,Ecole Polytechnique
Brink K.M.,university,University of Dodoma
Xiao Q.,university,West Pomeranian Business School in Szczecin
Schulzke C.,university,University of South Carolina - Beaufort
Luna A.,university,Beijing Union University
Wyatt Clegg B.,university,Katholisch-Theologische Privatuniversität Linz
Csányi G.,company,Karuna Health
Andrews D.W.,company,Human Interest
Upadhyay P.,university,College of DuPage
Rossi T.,university,Jawaharlal Nehru Technological University
